table,domain,has_hospital_id,fk_to_hospitals,tenant_model,parent_tables,policy_count,rls_references_hospital,write_path_tenant_guarded,open_select,open_write,risk,notes
abdm_audit_log,ABDM,YES,YES,DIRECT hospital_id,patients|users,1,YES,N/A,NO,NO,LOW,
abdm_care_contexts,ABDM,YES,YES,DIRECT hospital_id,patients,2,YES,YES,NO,NO,LOW,
abdm_consent_logs,ABDM,YES,YES,DIRECT hospital_id,users|patients,1,YES,YES,NO,NO,LOW,
abdm_consents,ABDM,YES,YES,DIRECT hospital_id,patients,2,YES,YES,NO,NO,LOW,
abdm_gateway_logs,ABDM,YES,YES,DIRECT hospital_id,,2,YES,YES,NO,NO,LOW,
abdm_rate_limits,ABDM,NO,NO,DENY-ALL (no policies),,0,NO,N/A,NO,NO,LOW,service_role only (bypassrls)
accounting_posting_failures,Other,YES,YES,DIRECT hospital_id,,3,YES,YES,NO,NO,LOW,
addon_skus,Platform,NO,NO,GLOBAL / non-tenant,,3,NO,NO,YES,NO,CRITICAL,USING(true) readable by any authenticated user
admin_audit_log,Other,NO,YES,DERIVED via aumrti_admins,aumrti_admins,2,NO,NO,NO,NO,MEDIUM,
admission_day_care_procedures,IPD,YES,YES,DIRECT hospital_id,admissions|day_care_procedures,2,YES,YES,NO,NO,LOW,
admission_estimates,IPD,YES,YES,DIRECT hospital_id,admissions|users|health_packages,1,YES,YES,NO,NO,LOW,
admission_sequences,IPD,YES,YES,hospital_id present but UNUSED by RLS,,1,NO,N/A,YES,NO,CRITICAL,column exists but no policy references it; USING(true) readable by any authenticated user
admissions,IPD,YES,YES,DIRECT hospital_id,users|beds|users,3,YES,YES,NO,NO,LOW,
adult_immunization_schedule,Other,YES,YES,DIRECT hospital_id,users|patients,1,YES,YES,NO,NO,LOW,
advance_receipts,Other,YES,YES,DIRECT hospital_id,bills|admissions|patients,2,YES,YES,NO,NO,LOW,
ai_attestations,AI,YES,YES,DIRECT hospital_id,users,1,YES,YES,NO,NO,LOW,
ai_cost_daily,AI,YES,YES,DIRECT hospital_id,,2,YES,N/A,NO,NO,LOW,
ai_digests,AI,YES,YES,DIRECT hospital_id,,2,YES,YES,NO,NO,LOW,
ai_feature_classes,AI,NO,NO,DERIVED via users,users,2,NO,NO,YES,NO,CRITICAL,USING(true) readable by any authenticated user
ai_feature_logs,AI,YES,YES,DIRECT hospital_id,patients,1,YES,YES,NO,NO,LOW,
ai_language_settings,AI,YES,YES,DIRECT hospital_id,,2,YES,YES,YES,NO,CRITICAL,USING(true) readable by any authenticated user
ai_provider_config,AI,YES,YES,DIRECT hospital_id,,4,YES,YES,NO,NO,LOW,
ai_safety_flags,AI,YES,NO,DIRECT hospital_id,,2,YES,YES,NO,NO,LOW,
ai_suggestions_audit,AI,YES,NO,DIRECT hospital_id,users,2,YES,YES,NO,NO,LOW,
ai_usage_logs,AI,YES,YES,DIRECT hospital_id,,2,YES,N/A,NO,NO,LOW,
ai_wallet_transactions,AI,YES,YES,DIRECT hospital_id,,2,YES,N/A,NO,NO,LOW,
alert_escalation_log,Other,YES,YES,DIRECT hospital_id,clinical_alerts|alert_escalation_rules,1,YES,YES,NO,NO,LOW,
alert_escalation_rules,Other,YES,YES,DIRECT hospital_id,,2,YES,YES,NO,NO,LOW,
ambulance_dispatches,Emergency,YES,YES,DIRECT hospital_id,bills|patients|ambulance_vehicles,1,YES,YES,NO,NO,LOW,
ambulance_equipment_checks,Emergency,YES,YES,DIRECT hospital_id,users|ambulance_vehicles,1,YES,YES,NO,NO,LOW,
ambulance_transit_treatment,Emergency,YES,YES,DIRECT hospital_id,ambulance_dispatches|users,1,YES,YES,NO,NO,LOW,
ambulance_vehicles,Emergency,YES,YES,DIRECT hospital_id,,1,YES,YES,NO,NO,LOW,
amc_contracts,Other,YES,YES,DIRECT hospital_id,equipment_master,1,YES,YES,NO,NO,LOW,
anaesthesia_records,Other,YES,YES,DIRECT hospital_id,ot_schedules|patients,1,YES,YES,NO,NO,LOW,
andrology_reports,IVF/ART,YES,YES,DIRECT hospital_id,art_couples|patients|users,2,YES,YES,NO,NO,LOW,
antibiotic_justifications,Other,YES,YES,DIRECT hospital_id,users|patients|users,1,YES,YES,NO,NO,LOW,
antibiotic_restricted_list,Other,YES,YES,DIRECT hospital_id,,1,YES,YES,NO,NO,LOW,
api_configurations,Integration,YES,YES,DIRECT hospital_id,,4,YES,YES,NO,NO,LOW,
api_keys,Integration,YES,YES,DIRECT hospital_id,users,3,YES,YES,NO,NO,LOW,
appointments,OPD,YES,YES,DIRECT hospital_id,users|departments|users,4,YES,YES,NO,NO,LOW,
arogyasri_enrollments,PM-JAY,YES,NO,DIRECT hospital_id,,2,YES,YES,NO,NO,LOW,
art_couples,IVF/ART,YES,YES,DIRECT hospital_id,patients|patients|users,2,YES,YES,NO,NO,LOW,
asr_pricing,Other,NO,NO,GLOBAL / non-tenant,,1,NO,NO,NO,NO,LOW,
attendance_regularization_requests,HR,YES,YES,DIRECT hospital_id,users|users,1,YES,YES,NO,NO,LOW,
audit_log,Audit/Compliance,YES,NO,DIRECT hospital_id,,2,YES,YES,NO,NO,LOW,
audit_records,Audit/Compliance,YES,YES,DIRECT hospital_id,users,3,YES,YES,NO,NO,LOW,
aumrti_admins,Identity,NO,NO,DERIVED via users,users,2,NO,NO,NO,NO,MEDIUM,
auto_posting_rules,Other,YES,YES,DIRECT hospital_id,chart_of_accounts|chart_of_accounts,1,YES,YES,NO,NO,LOW,
ayush_drug_master,Other,YES,YES,DIRECT hospital_id,,1,YES,YES,NO,NO,LOW,
ayush_encounters,Other,YES,YES,DIRECT hospital_id,patients|users,1,YES,YES,NO,NO,LOW,
bank_accounts,Other,YES,YES,DIRECT hospital_id,chart_of_accounts,1,YES,YES,NO,NO,LOW,
bank_transactions,Other,YES,YES,DIRECT hospital_id,bank_accounts|journal_line_items,1,YES,YES,NO,NO,LOW,
bed_demand_forecasts,IPD,YES,YES,DIRECT hospital_id,wards,2,YES,YES,NO,NO,LOW,
bed_reservations,IPD,YES,YES,DIRECT hospital_id,admissions|beds|users,1,YES,YES,NO,NO,LOW,
beds,IPD,YES,YES,DIRECT hospital_id,wards,2,YES,YES,NO,NO,LOW,
bill_amendments,Billing,YES,YES,DIRECT hospital_id,bills|users,1,YES,YES,NO,NO,LOW,
bill_discount_approvals,Billing,YES,YES,DIRECT hospital_id,users|bills|users,1,YES,YES,NO,NO,LOW,
bill_line_items,Billing,YES,YES,DIRECT hospital_id,bills|users|users,2,YES,YES,NO,NO,LOW,
bill_payments,Billing,YES,YES,DIRECT hospital_id,bills|users,2,YES,YES,NO,NO,LOW,
bill_sequences,Billing,YES,YES,DIRECT hospital_id,,1,YES,YES,NO,NO,LOW,
bills,Billing,YES,YES,DIRECT hospital_id,admissions|users|users,3,YES,YES,NO,NO,LOW,
blood_antibody_screening,Blood Bank,YES,YES,DIRECT hospital_id,patients|users|blood_units,1,YES,YES,NO,NO,LOW,
blood_issues,Blood Bank,YES,YES,DIRECT hospital_id,admissions|bills|cross_match_records,1,YES,YES,NO,NO,LOW,
blood_requests,Blood Bank,YES,YES,DIRECT hospital_id,admissions|patients|users,1,YES,YES,NO,NO,LOW,
blood_unit_tti_tests,Blood Bank,YES,YES,DIRECT hospital_id,users|users|blood_units,1,YES,YES,NO,NO,LOW,
blood_units,Blood Bank,YES,YES,DIRECT hospital_id,donors|patients|patients,1,YES,YES,NO,NO,LOW,
bmw_manifests,Biomedical Waste,YES,YES,DIRECT hospital_id,,1,YES,YES,NO,NO,LOW,
bmw_records,Biomedical Waste,YES,YES,DIRECT hospital_id,users|users|wards,1,YES,YES,NO,NO,LOW,
body_releases,Other,YES,YES,DIRECT hospital_id,mortuary_admissions|users,1,YES,YES,NO,NO,LOW,
bpmh_records,Other,YES,YES,DIRECT hospital_id,admissions|patients|users,1,YES,YES,NO,NO,LOW,
braden_scale_assessments,Other,YES,YES,DIRECT hospital_id,admissions|users,1,YES,YES,NO,NO,LOW,
branches,Tenant,YES,YES,DIRECT hospital_id,,3,YES,YES,NO,NO,LOW,
breakdown_logs,Other,YES,YES,DIRECT hospital_id,equipment_master|users,1,YES,YES,NO,NO,LOW,
budget_lines,Other,YES,YES,DIRECT hospital_id,users|users|departments,1,YES,YES,NO,NO,LOW,
calibration_records,Other,YES,YES,DIRECT hospital_id,equipment_master,1,YES,YES,NO,NO,LOW,
capa_records,Other,YES,YES,DIRECT hospital_id,users|users,2,YES,YES,NO,NO,LOW,
care_bundle_checks,Other,YES,YES,DIRECT hospital_id,admissions|users,1,YES,YES,NO,NO,LOW,
care_plan_tasks,Nursing,YES,NO,DIRECT hospital_id,care_plans,2,YES,YES,NO,NO,LOW,
care_plans,Nursing,YES,NO,DIRECT hospital_id,,2,YES,YES,NO,NO,LOW,
case_sheet_templates,Other,YES,YES,DIRECT hospital_id,users,4,YES,YES,NO,NO,LOW,
cghs_echs_beneficiaries,PM-JAY,YES,YES,DIRECT hospital_id,patients,2,YES,YES,NO,NO,LOW,
chain_memberships,Tenant,YES,YES,hospital_id present but UNUSED by RLS,hospital_chains,1,NO,NO,YES,YES,CRITICAL,column exists but no policy references it; USING(true) readable by any authenticated user; WITH CHECK(true) writable
chart_of_accounts,Other,YES,YES,DIRECT hospital_id,chart_of_accounts,2,YES,YES,NO,NO,LOW,
chemo_order_drugs,IPD,YES,YES,DIRECT hospital_id,users|chemo_orders,1,YES,YES,NO,NO,LOW,
chemo_orders,IPD,YES,YES,DIRECT hospital_id,bills|oncology_patients|users,1,YES,YES,NO,NO,LOW,
chemo_protocols,IPD,YES,YES,DIRECT hospital_id,,1,YES,YES,NO,NO,LOW,
chronic_disease_programs,Other,YES,YES,DIRECT hospital_id,patients|users,3,YES,YES,NO,NO,LOW,
churn_remediation_actions,Platform,YES,YES,hospital_id present but UNUSED by RLS,,1,NO,N/A,NO,NO,HIGH,column exists but no policy references it
cleaning_schedules,Other,YES,YES,DIRECT hospital_id,users|wards,1,YES,YES,NO,NO,LOW,
clinical_alerts,Other,YES,YES,DIRECT hospital_id,users|users|lab_order_items,3,YES,YES,NO,NO,LOW,
clinical_audit_samples,Quality/NABH,NO,NO,DERIVED via clinical_audits,clinical_audits,1,YES,YES,NO,NO,LOW,
clinical_audits,Quality/NABH,YES,YES,DIRECT hospital_id,users|departments|nabh_standards,1,YES,YES,NO,NO,LOW,
clinical_guidelines,Other,YES,NO,DIRECT hospital_id,,3,YES,YES,NO,NO,LOW,
clinical_note_templates,Other,YES,YES,DIRECT hospital_id,users,4,YES,YES,NO,NO,LOW,
clinical_protocols,Other,YES,YES,DIRECT hospital_id,,1,YES,YES,NO,NO,LOW,
clinical_reference_sources,Other,YES,YES,DIRECT hospital_id,,3,YES,YES,NO,NO,LOW,
code_blue_audits,Other,YES,YES,DIRECT hospital_id,users|code_blue_events,1,YES,YES,NO,NO,LOW,
code_blue_events,Other,YES,YES,DIRECT hospital_id,patients|users,1,YES,YES,NO,NO,LOW,
coding_audits,Other,YES,YES,DIRECT hospital_id,users|icd_codings,1,YES,YES,NO,NO,LOW,
cold_chain_log,Vaccination,YES,YES,DIRECT hospital_id,users,2,YES,YES,NO,NO,LOW,
cold_storage_log,Other,YES,YES,DIRECT hospital_id,users,1,YES,YES,NO,NO,LOW,
collection_campaigns,Other,YES,YES,DIRECT hospital_id,users,1,YES,YES,NO,NO,LOW,
committee_action_items,Quality/NABH,NO,NO,DERIVED via committee_meetings/users,committee_meetings|users,1,YES,YES,NO,NO,LOW,
committee_meetings,Quality/NABH,NO,NO,DERIVED via hospital_committees/users,hospital_committees|users,1,YES,YES,NO,NO,LOW,
committee_members,Quality/NABH,NO,NO,DERIVED via hospital_committees/users,hospital_committees|users,1,YES,YES,NO,NO,LOW,
config_change_logs,Other,YES,YES,DIRECT hospital_id,users,1,YES,YES,NO,NO,LOW,
consent_form_templates,Audit/Compliance,YES,YES,DIRECT hospital_id,,1,YES,YES,NO,NO,LOW,
consent_templates,Audit/Compliance,YES,YES,DIRECT hospital_id,,1,YES,YES,NO,NO,LOW,
corporate_accounts,Insurance,YES,YES,DIRECT hospital_id,,3,YES,YES,NO,NO,LOW,
credential_override_log,Other,YES,YES,DIRECT hospital_id,users|users,1,YES,YES,NO,NO,LOW,
credit_note_items,Billing,YES,YES,DIRECT hospital_id,credit_notes|pharmacy_dispensing_items,2,YES,YES,NO,NO,LOW,
credit_notes,Billing,YES,YES,DIRECT hospital_id,admissions|users|users,3,YES,YES,NO,NO,LOW,
cross_match_records,Other,YES,YES,DIRECT hospital_id,admissions|patients|users,1,YES,YES,NO,NO,LOW,
cycle_instruments,Other,YES,YES,DIRECT hospital_id,sterilization_cycles|instruments|instrument_sets,1,YES,YES,NO,NO,LOW,
daily_cash_closure,Other,YES,YES,DIRECT hospital_id,users|users,2,YES,YES,NO,NO,LOW,
daily_census_snapshots,Other,YES,YES,DIRECT hospital_id,,1,YES,YES,NO,NO,LOW,
data_erasure_requests,Other,YES,YES,DIRECT hospital_id,users|users,3,YES,NO,NO,NO,LOW,
day_care_procedures,Other,YES,YES,DIRECT hospital_id,,2,YES,YES,NO,NO,LOW,
daycare_chairs,Other,YES,YES,DIRECT hospital_id,patients,1,YES,YES,NO,NO,LOW,
death_certificates,Other,YES,YES,DIRECT hospital_id,admissions|users|patients,1,YES,YES,NO,NO,LOW,
demand_forecasts,Other,YES,YES,DIRECT hospital_id,inventory_items,3,YES,YES,NO,NO,LOW,
denial_logs,Other,YES,YES,DIRECT hospital_id,pmjay_claims,1,YES,YES,NO,NO,LOW,
dental_charts,Dental,YES,YES,DIRECT hospital_id,users|patients,2,YES,YES,NO,NO,LOW,
dental_lab_orders,Dental,YES,YES,DIRECT hospital_id,users|patients,2,YES,YES,NO,NO,LOW,
dental_treatment_plans,Dental,YES,YES,DIRECT hospital_id,bills|dental_charts|users,2,YES,YES,NO,NO,LOW,
department_indents,Tenant,YES,YES,DIRECT hospital_id,users|departments|users,4,YES,YES,NO,NO,LOW,
departments,Tenant,YES,YES,DIRECT hospital_id,,2,YES,YES,NO,NO,LOW,
depreciation_postings,Other,YES,YES,DIRECT hospital_id,fixed_assets|journal_entries,1,YES,N/A,NO,NO,LOW,
dialysis_machines,IPD,YES,YES,DIRECT hospital_id,patients,4,YES,YES,NO,NO,LOW,
dialysis_patients,IPD,YES,YES,DIRECT hospital_id,patients|users,4,YES,YES,NO,NO,LOW,
dialysis_sessions,IPD,YES,YES,DIRECT hospital_id,bills|dialysis_patients|dialysis_machines,4,YES,YES,NO,NO,LOW,
dialyzer_reuse,Other,YES,YES,DIRECT hospital_id,dialysis_patients,5,YES,YES,NO,NO,LOW,
dicom_files,Radiology,YES,YES,DIRECT hospital_id,radiology_orders|users,1,YES,YES,NO,NO,LOW,
diet_orders,Dietetics,YES,YES,DIRECT hospital_id,admissions|users|patients,1,YES,YES,NO,NO,LOW,
diet_plans,Dietetics,YES,YES,DIRECT hospital_id,admissions|users|patients,2,YES,YES,NO,NO,LOW,
dietitian_notes,Dietetics,YES,YES,DIRECT hospital_id,admissions|users,1,YES,YES,NO,NO,LOW,
disaster_drills,Emergency,YES,YES,DIRECT hospital_id,users|users,1,YES,YES,NO,NO,LOW,
disciplinary_actions,Other,YES,YES,DIRECT hospital_id,users|users,1,YES,YES,NO,NO,LOW,
discount_approvals,Billing,YES,YES,DIRECT hospital_id,users|bills|users,2,YES,YES,NO,NO,LOW,
discount_codes,Billing,NO,NO,DERIVED via users,users,2,NO,NO,YES,NO,CRITICAL,USING(true) readable by any authenticated user
doctor_quick_picks,OPD,YES,YES,DIRECT hospital_id,users,4,YES,YES,NO,NO,LOW,
doctor_schedules,OPD,YES,YES,DIRECT hospital_id,users,1,YES,YES,NO,NO,LOW,
doctor_slots,OPD,YES,YES,DIRECT hospital_id,departments|users,1,YES,YES,NO,NO,LOW,
donor_campaigns,Blood Bank,YES,YES,DIRECT hospital_id,users,1,YES,YES,NO,NO,LOW,
donors,Blood Bank,YES,YES,DIRECT hospital_id,,1,YES,YES,NO,NO,LOW,
drug_allergy_cross_reactivity,Pharmacy,NO,NO,GLOBAL / non-tenant,,1,NO,N/A,YES,NO,CRITICAL,USING(true) readable by any authenticated user
drug_batches,Pharmacy,YES,YES,DIRECT hospital_id,drug_master|store_locations,3,YES,YES,NO,NO,LOW,
drug_interactions,Pharmacy,NO,NO,GLOBAL / non-tenant,,1,NO,N/A,YES,NO,CRITICAL,USING(true) readable by any authenticated user
drug_master,Pharmacy,YES,YES,DIRECT hospital_id,,2,YES,YES,NO,NO,LOW,
dunning_attempts,Other,YES,YES,DIRECT hospital_id,hospital_subscriptions,1,YES,YES,NO,NO,LOW,
dunning_cadence_rules,Other,NO,NO,GLOBAL / non-tenant,,1,NO,NO,NO,NO,LOW,
duty_roster,HR,YES,YES,DIRECT hospital_id,users|departments|users,4,YES,YES,NO,NO,LOW,
ed_charge_items,Emergency,YES,YES,DIRECT hospital_id,bills|ed_visits|patients,2,YES,YES,NO,NO,LOW,
ed_handover_notes,Emergency,YES,YES,DIRECT hospital_id,ed_visits|users|users,2,YES,YES,NO,NO,LOW,
ed_medications,Emergency,YES,YES,DIRECT hospital_id,ed_charge_items|ed_visits|patients,2,YES,YES,NO,NO,LOW,
ed_visits,Emergency,YES,YES,DIRECT hospital_id,bills|users|patients,3,YES,YES,NO,NO,LOW,
electrical_safety_logs,Other,YES,YES,DIRECT hospital_id,users,1,YES,YES,NO,NO,LOW,
email_notifications,Notifications,YES,YES,DIRECT hospital_id,,1,YES,YES,NO,NO,LOW,
embryo_bank,IVF/ART,YES,YES,DIRECT hospital_id,art_couples|ivf_cycles|embryology_records,2,YES,YES,NO,NO,LOW,
embryology_records,IVF/ART,YES,YES,DIRECT hospital_id,ivf_cycles,2,YES,YES,NO,NO,LOW,
emi_installments,Billing,YES,YES,DIRECT hospital_id,bill_payments|emi_plans,2,YES,YES,NO,NO,LOW,
emi_plans,Billing,YES,YES,DIRECT hospital_id,bills|users|patients,2,YES,YES,NO,NO,LOW,
emr_template_definitions,Other,YES,YES,DIRECT hospital_id,,3,YES,YES,NO,NO,LOW,
enterprise_leads,Other,YES,YES,hospital_id present but UNUSED by RLS,,4,NO,NO,NO,YES,CRITICAL,column exists but no policy references it; WITH CHECK(true) writable
entitlement_fail_open_events,Platform,YES,YES,hospital_id present but UNUSED by RLS,,2,NO,NO,NO,YES,CRITICAL,column exists but no policy references it; WITH CHECK(true) writable
epidemic_protocols,Other,YES,YES,DIRECT hospital_id,users,1,YES,YES,NO,NO,LOW,
equipment_master,Inventory,YES,YES,DIRECT hospital_id,departments,1,YES,YES,NO,NO,LOW,
esg_monthly_metrics,Other,YES,YES,DIRECT hospital_id,users,1,YES,YES,NO,NO,LOW,
esi_beneficiaries,PM-JAY,YES,NO,DIRECT hospital_id,,2,YES,YES,NO,NO,LOW,
expense_records,Other,YES,YES,DIRECT hospital_id,users|departments|journal_entries,1,YES,YES,NO,NO,LOW,
external_lab_referrals,Other,YES,YES,DIRECT hospital_id,patients|users,1,YES,YES,NO,NO,LOW,
facility_assets,Tenant,YES,YES,DIRECT hospital_id,,1,YES,YES,NO,NO,LOW,
facility_maintenance_logs,Tenant,YES,YES,DIRECT hospital_id,facility_assets,1,YES,YES,NO,NO,LOW,
fall_risk_assessments,Nursing,YES,YES,DIRECT hospital_id,admissions|users|patients,1,YES,YES,NO,NO,LOW,
fcm_tokens,Other,YES,YES,DIRECT hospital_id,users,2,YES,YES,NO,NO,LOW,
feedback_records,Patient,YES,YES,DIRECT hospital_id,users|patients,1,YES,YES,NO,NO,LOW,
fire_safety_drills,Other,YES,YES,DIRECT hospital_id,users,1,YES,YES,NO,NO,LOW,
fixed_assets,Other,YES,YES,DIRECT hospital_id,departments,1,YES,YES,NO,NO,LOW,
full_final_settlements,Other,YES,YES,DIRECT hospital_id,users|staff_exits,1,YES,YES,NO,NO,LOW,
govt_scheme_claims,PM-JAY,YES,NO,DIRECT hospital_id,,2,YES,YES,NO,NO,LOW,
govt_schemes,PM-JAY,YES,YES,DIRECT hospital_id,,1,YES,YES,NO,NO,LOW,
grievances,HR,YES,YES,DIRECT hospital_id,users|departments|patients,1,YES,YES,NO,NO,LOW,
grn_ai_log,AI,YES,YES,DIRECT hospital_id,grn_records,4,YES,YES,NO,NO,LOW,
grn_items,Procurement,YES,YES,DIRECT hospital_id,grn_records|inventory_items|po_items,4,YES,YES,NO,NO,LOW,
grn_records,Procurement,YES,YES,DIRECT hospital_id,purchase_orders|users|vendors,3,YES,YES,NO,NO,LOW,
guideline_adherence_log,Other,YES,NO,DIRECT hospital_id,clinical_guidelines,2,YES,YES,NO,NO,LOW,
hand_hygiene_audits,Infection Control,YES,YES,DIRECT hospital_id,users|wards,1,YES,YES,NO,NO,LOW,
hcx_submissions,Other,YES,YES,DIRECT hospital_id,insurance_claims|insurance_pre_auth,2,YES,YES,NO,NO,LOW,
health_coach_sessions,Other,YES,YES,DIRECT hospital_id,admissions|patients,1,YES,YES,NO,NO,LOW,
health_packages,Other,YES,YES,DIRECT hospital_id,,4,YES,YES,NO,NO,LOW,
hep_plans,Other,YES,YES,DIRECT hospital_id,users|patients|physio_referrals,1,YES,YES,NO,NO,LOW,
high_alert_double_checks,Other,YES,YES,DIRECT hospital_id,admissions|users|users,1,YES,YES,NO,NO,LOW,
hmis_reports,Integration,YES,YES,DIRECT hospital_id,users,2,YES,YES,NO,NO,LOW,
home_care_plans,Other,YES,YES,DIRECT hospital_id,users|users|patients,1,YES,YES,NO,NO,LOW,
home_care_visits,Other,YES,YES,DIRECT hospital_id,users|patients|home_care_plans,1,YES,YES,NO,NO,LOW,
home_tele_monitoring,Other,YES,YES,DIRECT hospital_id,patients|home_care_plans,1,YES,YES,NO,NO,LOW,
hospital_abdm_config,Tenant,YES,YES,DIRECT hospital_id,,2,YES,YES,NO,NO,LOW,
hospital_addons,Tenant,YES,YES,DIRECT hospital_id,addon_skus|users,2,YES,YES,NO,NO,LOW,
hospital_ai_wallet,AI,YES,YES,DIRECT hospital_id,,2,YES,N/A,NO,NO,LOW,
hospital_chains,Tenant,NO,NO,GLOBAL / non-tenant,,1,NO,NO,YES,YES,CRITICAL,USING(true) readable by any authenticated user; WITH CHECK(true) writable
hospital_committees,Tenant,YES,YES,DIRECT hospital_id,users|users,1,YES,YES,NO,NO,LOW,
hospital_config_values,Tenant,YES,YES,DIRECT hospital_id,,4,YES,YES,NO,NO,LOW,
hospital_feature_overrides,Tenant,YES,YES,DIRECT hospital_id,users,2,YES,NO,NO,NO,LOW,
hospital_icd_settings,Tenant,YES,YES,DIRECT hospital_id,,1,YES,YES,NO,NO,LOW,
hospital_insurance_settings,Tenant,YES,YES,DIRECT hospital_id,,3,YES,YES,NO,NO,LOW,
hospital_module_entitlements,Tenant,YES,YES,DIRECT hospital_id,users,2,YES,NO,NO,NO,LOW,
hospital_packages,Tenant,YES,YES,DIRECT hospital_id,,2,YES,YES,NO,NO,LOW,
hospital_pacs_config,Tenant,YES,YES,DIRECT hospital_id,,1,YES,YES,NO,NO,LOW,
hospital_pricing_overrides,Tenant,YES,YES,DIRECT hospital_id,users,2,YES,NO,NO,NO,LOW,
hospital_sequences,Tenant,YES,YES,hospital_id present but UNUSED by RLS,,1,NO,YES,NO,NO,HIGH,column exists but no policy references it
hospital_settings,Tenant,YES,YES,DIRECT hospital_id,,1,YES,YES,NO,NO,LOW,
hospital_signup_consents,Tenant,YES,YES,hospital_id present but UNUSED by RLS,,1,NO,N/A,NO,NO,HIGH,column exists but no policy references it
hospital_subscriptions,Tenant,YES,YES,DIRECT hospital_id,subscription_plans,2,YES,NO,NO,NO,LOW,
hospitals,Tenant,NO,NO,DERIVED via hospital_chains/referral_codes,hospital_chains|referral_codes,5,YES,YES,NO,NO,LOW,
housekeeping_tasks,Housekeeping,YES,YES,DIRECT hospital_id,users|beds|wards,1,YES,YES,NO,NO,LOW,
icd10_code_sets,Other,YES,YES,DIRECT hospital_id,users,1,YES,YES,NO,NO,LOW,
icd10_codes,Other,YES,YES,DIRECT hospital_id,icd10_code_sets,4,YES,YES,NO,NO,LOW,
icd_codings,Other,YES,YES,DIRECT hospital_id,users|users|users,1,YES,YES,NO,NO,LOW,
icu_daily_goals,ICU,YES,YES,DIRECT hospital_id,admissions|users,1,YES,YES,NO,NO,LOW,
icu_flowsheet_entries,ICU,YES,YES,DIRECT hospital_id,admissions|users,1,YES,YES,NO,NO,LOW,
idsp_alerts,Public Health,YES,YES,DIRECT hospital_id,,2,YES,YES,NO,NO,LOW,
idsp_submissions,Public Health,YES,YES,DIRECT hospital_id,patients,1,YES,YES,NO,NO,LOW,
inbox_messages,Other,YES,YES,DIRECT hospital_id,inbox_messages|patients,2,YES,YES,NO,NO,LOW,
incident_reports,Quality/NABH,YES,YES,DIRECT hospital_id,departments|patients|users,2,YES,YES,NO,NO,LOW,
indent_items,Procurement,YES,YES,DIRECT hospital_id,department_indents|inventory_items,4,YES,YES,NO,NO,LOW,
instrument_sets,OT,YES,YES,DIRECT hospital_id,,1,YES,YES,NO,NO,LOW,
instruments,OT,YES,YES,DIRECT hospital_id,instrument_sets,1,YES,YES,NO,NO,LOW,
insurance_automation_config,Insurance,YES,YES,DIRECT hospital_id,,1,YES,YES,NO,NO,LOW,
insurance_automation_log,Insurance,YES,YES,DIRECT hospital_id,admissions|insurance_claims|insurance_pre_auth,1,YES,YES,NO,NO,LOW,
insurance_claims,Insurance,YES,YES,DIRECT hospital_id,admissions|bills|users,4,YES,YES,NO,NO,LOW,
insurance_enhancement_requests,Insurance,YES,YES,DIRECT hospital_id,admissions|insurance_pre_auth|users,3,YES,YES,NO,NO,LOW,
insurance_intimations,Insurance,YES,YES,DIRECT hospital_id,admissions|patients,3,YES,YES,NO,NO,LOW,
insurance_payment_reconciliation,Insurance,YES,YES,DIRECT hospital_id,insurance_claims,4,YES,YES,NO,NO,LOW,
insurance_pre_auth,Insurance,YES,YES,DIRECT hospital_id,admissions|users|insurance_pre_auth,4,YES,YES,NO,NO,LOW,
insurance_sla_log,Insurance,YES,YES,DIRECT hospital_id,,2,YES,YES,NO,NO,LOW,
inventory_anomalies,Inventory,YES,YES,DIRECT hospital_id,inventory_items|users,1,YES,YES,NO,NO,LOW,
inventory_items,Inventory,YES,YES,DIRECT hospital_id,,3,YES,YES,NO,NO,LOW,
inventory_stock,Inventory,YES,YES,DIRECT hospital_id,vendors|inventory_items,4,YES,YES,NO,NO,LOW,
io_balance_records,Other,YES,YES,DIRECT hospital_id,admissions|users,1,YES,YES,NO,NO,LOW,
ipc_bundle_checklists,Other,YES,YES,DIRECT hospital_id,admissions|users|ipc_device_usage,1,YES,YES,NO,NO,LOW,
ipc_device_usage,Other,YES,YES,DIRECT hospital_id,admissions|users|patients,1,YES,YES,NO,NO,LOW,
ipc_infection_events,Other,YES,YES,DIRECT hospital_id,admissions|ipc_device_usage|lab_orders,1,YES,YES,NO,NO,LOW,
ipd_advances,IPD,YES,YES,DIRECT hospital_id,admissions|users|patients,1,YES,YES,NO,NO,LOW,
ipd_medications,IPD,YES,YES,DIRECT hospital_id,admissions|users,2,YES,YES,NO,NO,LOW,
ipd_nursing_notes,IPD,YES,YES,DIRECT hospital_id,admissions|patients|users,4,YES,YES,NO,NO,LOW,
ipd_vitals,IPD,YES,YES,DIRECT hospital_id,admissions|users,2,YES,YES,NO,NO,LOW,
item_consumption_daily,Inventory,YES,YES,DIRECT hospital_id,inventory_items,1,YES,YES,NO,NO,LOW,
iv_fluids,Other,YES,YES,DIRECT hospital_id,admissions|users,1,YES,YES,NO,NO,LOW,
ivf_cycles,IVF/ART,YES,YES,DIRECT hospital_id,bills|art_couples,2,YES,YES,NO,NO,LOW,
jci_evidence_items,Other,YES,YES,DIRECT hospital_id,users,1,YES,YES,NO,NO,LOW,
job_applicants,Other,YES,YES,DIRECT hospital_id,users|job_openings,1,YES,YES,NO,NO,LOW,
job_openings,Other,YES,YES,DIRECT hospital_id,users|departments,1,YES,YES,NO,NO,LOW,
journal_entries,Billing,YES,YES,DIRECT hospital_id,users|journal_entries|users,1,YES,YES,NO,NO,LOW,
journal_line_items,Billing,YES,YES,DIRECT hospital_id,chart_of_accounts|departments|journal_entries,1,YES,YES,NO,NO,LOW,
lab_analyzer_messages,Laboratory,YES,YES,DIRECT hospital_id,lab_device_connectors|lab_order_items|users,1,YES,YES,NO,NO,LOW,
lab_analyzer_test_mappings,Laboratory,YES,YES,DIRECT hospital_id,lab_device_connectors|lab_test_master,1,YES,YES,NO,NO,LOW,
lab_calibration_records,Laboratory,YES,YES,DIRECT hospital_id,users,1,YES,YES,NO,NO,LOW,
lab_device_connectors,Laboratory,YES,YES,DIRECT hospital_id,,2,YES,YES,NO,NO,LOW,
lab_dual_validation_config,Laboratory,YES,YES,DIRECT hospital_id,,1,YES,YES,NO,NO,LOW,
lab_order_items,Laboratory,YES,YES,DIRECT hospital_id,users|lab_orders|users,2,YES,YES,NO,NO,LOW,
lab_orders,Laboratory,YES,YES,DIRECT hospital_id,admissions|users|opd_encounters,4,YES,YES,NO,NO,LOW,
lab_qc_entries,Laboratory,YES,YES,DIRECT hospital_id,users,2,YES,YES,NO,NO,LOW,
lab_results,Laboratory,YES,YES,DIRECT hospital_id,users|lab_order_items|patients,1,YES,YES,NO,NO,LOW,
lab_samples,Laboratory,YES,YES,DIRECT hospital_id,users|lab_orders|users,2,YES,YES,NO,NO,LOW,
lab_test_group_items,Laboratory,NO,NO,DERIVED via lab_test_groups/lab_test_master,lab_test_groups|lab_test_master,1,YES,YES,NO,NO,LOW,
lab_test_groups,Laboratory,YES,YES,DIRECT hospital_id,,1,YES,YES,NO,NO,LOW,
lab_test_master,Laboratory,YES,YES,DIRECT hospital_id,,2,YES,YES,NO,NO,LOW,
leakage_reports,Other,YES,YES,DIRECT hospital_id,,2,YES,YES,NO,NO,LOW,
leave_balance,HR,YES,YES,DIRECT hospital_id,users,4,YES,YES,NO,NO,LOW,
leave_requests,HR,YES,YES,DIRECT hospital_id,users|users,4,YES,YES,NO,NO,LOW,
lifecycle_nudge_actions,Other,YES,YES,hospital_id present but UNUSED by RLS,,1,NO,N/A,NO,NO,HIGH,column exists but no policy references it
linen_records,Housekeeping,YES,YES,DIRECT hospital_id,wards,1,YES,YES,NO,NO,LOW,
lms_certificates,LMS,YES,YES,DIRECT hospital_id,lms_courses|lms_enrollments|users,1,YES,YES,NO,NO,LOW,
lms_courses,LMS,YES,YES,DIRECT hospital_id,,2,YES,YES,NO,NO,LOW,
lms_enrollments,LMS,YES,YES,DIRECT hospital_id,lms_courses|users,1,YES,YES,NO,NO,LOW,
lms_quiz_attempts,LMS,NO,NO,DERIVED via lms_enrollments,lms_enrollments,1,YES,YES,NO,NO,LOW,
lms_quiz_questions,LMS,NO,NO,DERIVED via lms_courses,lms_courses,2,YES,YES,NO,NO,LOW,
mar_double_checks,Other,YES,YES,DIRECT hospital_id,users|nursing_mar|users,1,YES,YES,NO,NO,LOW,
mar_records,Other,YES,YES,DIRECT hospital_id,nursing_mar,1,YES,YES,NO,NO,LOW,
marketing_campaigns,Other,YES,YES,DIRECT hospital_id,users,1,YES,YES,NO,NO,LOW,
mccd_certificates,Other,YES,YES,DIRECT hospital_id,users|mortuary_admissions|patients,1,YES,YES,NO,NO,LOW,
mci_events,Emergency,YES,YES,DIRECT hospital_id,users|users,1,YES,YES,NO,NO,LOW,
mci_triage_patients,Emergency,YES,YES,DIRECT hospital_id,mci_events|patients|users,1,YES,YES,NO,NO,LOW,
meal_deliveries,Dietetics,YES,YES,DIRECT hospital_id,admissions|users|diet_orders,1,YES,YES,NO,NO,LOW,
med_admin_records,Other,YES,YES,DIRECT hospital_id,users|admissions|patients,1,YES,YES,NO,NO,LOW,
med_reconciliation_events,Other,YES,YES,DIRECT hospital_id,admissions|users|users,1,YES,YES,NO,NO,LOW,
medical_gas_logs,Other,YES,YES,DIRECT hospital_id,users,1,YES,YES,NO,NO,LOW,
medical_records,Other,YES,YES,DIRECT hospital_id,patients,1,YES,YES,NO,NO,LOW,
medication_adherence,Other,YES,NO,DIRECT hospital_id,care_plans,2,YES,YES,NO,NO,LOW,
mental_health_encounters,Other,YES,NO,DIRECT hospital_id,,2,YES,YES,NO,NO,LOW,
metrics_registry,Reporting,NO,NO,GLOBAL / non-tenant,,2,NO,NO,NO,NO,LOW,
migration_jobs,Other,YES,YES,DIRECT hospital_id,users,1,YES,YES,NO,NO,LOW,
migration_logs,Other,YES,YES,DIRECT hospital_id,migration_jobs,1,YES,YES,NO,NO,LOW,
mlc_cases,Other,YES,YES,DIRECT hospital_id,admissions|users|ed_visits,1,YES,YES,NO,NO,LOW,
mlc_records,Other,YES,YES,DIRECT hospital_id,mortuary_admissions|patients,1,YES,YES,NO,NO,LOW,
mortuary_admissions,Emergency,YES,YES,DIRECT hospital_id,admissions|patients|users,1,YES,YES,NO,NO,LOW,
mrr_snapshots,Platform,YES,YES,hospital_id present but UNUSED by RLS,subscription_plans,1,NO,N/A,NO,NO,HIGH,column exists but no policy references it
nabh_chapter_names,Quality/NABH,NO,NO,GLOBAL / non-tenant,,1,NO,N/A,YES,NO,CRITICAL,USING(true) readable by any authenticated user
nabh_criteria,Quality/NABH,YES,YES,DIRECT hospital_id,,2,YES,YES,NO,NO,LOW,
nabh_evidence_items,Quality/NABH,YES,YES,DIRECT hospital_id,nabh_hospital_compliance|users,1,YES,YES,NO,NO,LOW,
nabh_evidence_log,Quality/NABH,YES,YES,DIRECT hospital_id,users,2,YES,YES,NO,NO,LOW,
nabh_hospital_compliance,Quality/NABH,YES,YES,DIRECT hospital_id,users|nabh_standards|users,2,YES,YES,NO,NO,LOW,
nabh_standards,Quality/NABH,NO,NO,GLOBAL / non-tenant,,1,NO,N/A,NO,NO,LOW,
ndps_pending_dispenses,Pharmacy,YES,YES,DIRECT hospital_id,users|drug_master|users,2,YES,YES,NO,NO,LOW,
ndps_register,Pharmacy,YES,YES,DIRECT hospital_id,users|pharmacy_dispensing|drug_master,6,YES,YES,NO,NO,LOW,
neonatal_records,Other,YES,YES,DIRECT hospital_id,admissions|patients|patients,1,YES,YES,NO,NO,LOW,
no_show_predictions,Other,YES,YES,DIRECT hospital_id,opd_tokens|appointments|patients,1,YES,YES,NO,NO,LOW,
notification_log,Notifications,YES,YES,DIRECT hospital_id,patients,2,YES,YES,NO,NO,LOW,
notification_preferences,Notifications,YES,YES,DIRECT hospital_id,patients,2,YES,YES,NO,NO,LOW,
notification_queue,Notifications,YES,YES,DIRECT hospital_id,,1,YES,YES,NO,NO,LOW,
nps_responses,Other,YES,YES,DIRECT hospital_id,nps_surveys,1,YES,YES,NO,NO,LOW,
nps_surveys,Other,YES,YES,DIRECT hospital_id,patients,1,YES,YES,NO,NO,LOW,
nursing_care_plans,Nursing,YES,YES,DIRECT hospital_id,admissions|patients,1,YES,YES,NO,NO,LOW,
nursing_fluid_outputs,Nursing,YES,YES,DIRECT hospital_id,admissions|users,1,YES,YES,NO,NO,LOW,
nursing_handovers,Nursing,YES,YES,DIRECT hospital_id,users|users|wards,2,YES,YES,NO,NO,LOW,
nursing_mar,Nursing,YES,YES,DIRECT hospital_id,users|admissions|ipd_medications,2,YES,YES,NO,NO,LOW,
nursing_procedure_consumables,Nursing,YES,YES,DIRECT hospital_id,inventory_items|nursing_procedures,1,YES,YES,NO,NO,LOW,
nursing_procedures,Nursing,YES,YES,DIRECT hospital_id,admissions|bills|patients,1,YES,YES,NO,NO,LOW,
nursing_vitals,Nursing,YES,YES,DIRECT hospital_id,admissions|patients|users,1,YES,YES,NO,NO,LOW,
nutrition_screenings,Dietetics,YES,YES,DIRECT hospital_id,admissions|patients|users,1,YES,YES,NO,NO,LOW,
nutritional_screenings,Dietetics,YES,YES,DIRECT hospital_id,admissions|patients|users,1,YES,YES,NO,NO,LOW,
oauth_provider_settings,Identity,NO,NO,GLOBAL / non-tenant,,1,NO,NO,NO,NO,LOW,
obstetric_records,Other,YES,YES,DIRECT hospital_id,patients,3,YES,YES,NO,NO,LOW,
occupational_health_records,Other,YES,YES,DIRECT hospital_id,users|users,1,YES,YES,NO,NO,LOW,
onboarding_tasks,HR,YES,YES,DIRECT hospital_id,job_applicants,1,YES,YES,NO,NO,LOW,
oncology_patients,IPD,YES,YES,DIRECT hospital_id,patients|chemo_protocols|users,1,YES,YES,NO,NO,LOW,
online_reviews,Other,YES,YES,DIRECT hospital_id,users,1,YES,YES,NO,NO,LOW,
opd_diagnoses,OPD,YES,YES,DIRECT hospital_id,users|opd_encounters|patients,1,YES,YES,NO,NO,LOW,
opd_encounters,OPD,YES,YES,DIRECT hospital_id,bills|users|patients,2,YES,YES,NO,NO,LOW,
opd_token_sequences,OPD,YES,YES,hospital_id present but UNUSED by RLS,,1,NO,N/A,YES,NO,CRITICAL,column exists but no policy references it; USING(true) readable by any authenticated user
opd_tokens,OPD,YES,YES,DIRECT hospital_id,appointments|departments|users,3,YES,YES,NO,NO,LOW,
opd_visits,OPD,YES,YES,DIRECT hospital_id,departments|users|patients,2,YES,YES,NO,NO,LOW,
ophthalmology_records,Other,YES,YES,DIRECT hospital_id,patients,1,YES,YES,NO,NO,LOW,
organ_donations,Other,YES,YES,DIRECT hospital_id,mortuary_admissions|patients,1,YES,YES,NO,NO,LOW,
ot_checklist_custom_items,OT,YES,YES,DIRECT hospital_id,,2,YES,YES,NO,NO,LOW,
ot_checklists,OT,YES,YES,DIRECT hospital_id,ot_schedules,2,YES,YES,NO,NO,LOW,
ot_consumables,OT,YES,YES,DIRECT hospital_id,users|inventory_items|ot_schedules,1,YES,YES,NO,NO,LOW,
ot_equipment_checklist,OT,YES,YES,DIRECT hospital_id,ot_schedules,2,YES,YES,NO,NO,LOW,
ot_implants,OT,YES,YES,DIRECT hospital_id,users|inventory_items|ot_schedules,1,YES,YES,NO,NO,LOW,
ot_instrument_counts,OT,YES,YES,DIRECT hospital_id,ot_schedules,2,YES,YES,NO,NO,LOW,
ot_rooms,OT,YES,YES,DIRECT hospital_id,,2,YES,YES,NO,NO,LOW,
ot_schedules,OT,YES,YES,DIRECT hospital_id,admissions|users|bills,3,YES,YES,NO,NO,LOW,
ot_team_members,OT,NO,NO,DERIVED via ot_schedules,ot_schedules,2,YES,YES,NO,NO,LOW,
outcome_scores,Other,YES,YES,DIRECT hospital_id,patients|physio_referrals|users,1,YES,YES,NO,NO,LOW,
overtime_requests,Other,YES,YES,DIRECT hospital_id,users|users,1,YES,YES,NO,NO,LOW,
package_bookings,Billing,YES,YES,DIRECT hospital_id,bills|users|corporate_accounts,4,YES,YES,NO,NO,LOW,
package_extras,Billing,YES,YES,DIRECT hospital_id,hospital_packages|service_master,2,YES,YES,NO,NO,LOW,
package_inclusions,Billing,YES,YES,DIRECT hospital_id,hospital_packages|service_master,2,YES,YES,NO,NO,LOW,
package_station_logs,Billing,YES,YES,DIRECT hospital_id,package_bookings|users,1,YES,YES,NO,NO,LOW,
pacs_connectors,Radiology,YES,YES,DIRECT hospital_id,,1,YES,YES,NO,NO,LOW,
pacu_assessments,OT,YES,YES,DIRECT hospital_id,,4,YES,YES,NO,NO,LOW,
pain_audit_records,Other,YES,YES,DIRECT hospital_id,users|wards,1,YES,YES,NO,NO,LOW,
palliative_care_plans,Other,YES,YES,DIRECT hospital_id,admissions|users|users,1,YES,YES,NO,NO,LOW,
panchakarma_schedules,Other,YES,YES,DIRECT hospital_id,patients|users|users,1,YES,YES,NO,NO,LOW,
partograph_entries,Other,YES,YES,DIRECT hospital_id,admissions|patients|users,1,YES,YES,NO,NO,LOW,
partograph_records,Other,YES,YES,DIRECT hospital_id,admissions|patients,1,YES,YES,NO,NO,LOW,
pathology_cases,Other,YES,YES,DIRECT hospital_id,users|users|users,2,YES,YES,NO,NO,LOW,
patient_abha_profiles,ABDM,YES,YES,DIRECT hospital_id,users|patients,2,YES,YES,NO,NO,LOW,
patient_acquisition,Patient,YES,YES,DIRECT hospital_id,marketing_campaigns|patients|referral_doctors,1,YES,YES,NO,NO,LOW,
patient_ai_context,AI,YES,NO,DIRECT hospital_id,,2,YES,YES,NO,NO,LOW,
patient_consents,Patient,YES,YES,DIRECT hospital_id,admissions|ed_visits|patients,3,YES,YES,NO,NO,LOW,
patient_documents,Patient,YES,YES,DIRECT hospital_id,patients|users,3,YES,YES,NO,NO,LOW,
patient_encounter_templates,Patient,YES,YES,DIRECT hospital_id,users|opd_encounters|emr_template_definitions,3,YES,YES,NO,NO,LOW,
patient_feedback,Patient,YES,YES,DIRECT hospital_id,admissions|opd_encounters|patients,3,YES,YES,NO,NO,LOW,
patient_history_digests,Patient,YES,YES,DIRECT hospital_id,patient_history_ingest_jobs|patients|users,1,YES,YES,NO,NO,LOW,
patient_history_ingest_jobs,Patient,YES,YES,DIRECT hospital_id,opd_encounters|patients|users,1,YES,YES,NO,NO,LOW,
patient_history_source_chunks,Patient,YES,YES,DIRECT hospital_id,patient_history_ingest_jobs|patients|patient_history_sources,1,YES,YES,NO,NO,LOW,
patient_history_sources,Patient,YES,YES,DIRECT hospital_id,patient_history_ingest_jobs|patients,1,YES,YES,NO,NO,LOW,
patient_portal_sessions,Patient,YES,YES,DIRECT hospital_id,patients,6,YES,NO,NO,YES,CRITICAL,WITH CHECK(true) writable
patient_rights_acknowledgements,Patient,YES,YES,DIRECT hospital_id,admissions|patients,1,YES,YES,NO,NO,LOW,
patient_segments,Patient,YES,YES,DIRECT hospital_id,,1,YES,YES,NO,NO,LOW,
patient_template_responses,Patient,YES,YES,DIRECT hospital_id,patient_encounter_templates,3,YES,YES,NO,NO,LOW,
patient_voice_sessions,Patient,YES,NO,DIRECT hospital_id,,2,YES,YES,NO,NO,LOW,
patients,Patient,YES,YES,DIRECT hospital_id,,2,YES,YES,NO,NO,LOW,
payer_masters,Insurance,YES,YES,DIRECT hospital_id,,1,YES,YES,NO,NO,LOW,
payment_links,Payments,YES,YES,DIRECT hospital_id,bills|users|patients,3,YES,YES,NO,NO,LOW,
payroll_hooks,Payroll,YES,YES,DIRECT hospital_id,,1,YES,YES,NO,NO,LOW,
payroll_items,Payroll,YES,YES,DIRECT hospital_id,payroll_runs|users,2,YES,YES,NO,NO,LOW,
payroll_runs,Payroll,YES,YES,DIRECT hospital_id,users|users,3,YES,YES,NO,NO,LOW,
payslips,Other,YES,YES,DIRECT hospital_id,payroll_runs|users|salary_structures,1,YES,YES,NO,NO,LOW,
pcpndt_form_f,Other,YES,YES,DIRECT hospital_id,radiology_orders|users,3,YES,YES,NO,NO,LOW,
pcpndt_records,Other,YES,YES,DIRECT hospital_id,users|users|patients,1,YES,YES,NO,NO,LOW,
pcpndt_settings,Other,YES,YES,DIRECT hospital_id,,1,YES,YES,NO,NO,LOW,
performance_appraisals,Other,YES,YES,DIRECT hospital_id,users|users,1,YES,YES,NO,NO,LOW,
periodontal_charts,Other,YES,YES,DIRECT hospital_id,users|patients,2,YES,YES,NO,NO,LOW,
pharmacy_dispensing,Pharmacy,YES,YES,DIRECT hospital_id,admissions|users|opd_encounters,4,YES,YES,NO,NO,LOW,
pharmacy_dispensing_items,Pharmacy,YES,YES,DIRECT hospital_id,drug_batches|pharmacy_dispensing|drug_master,3,YES,YES,NO,NO,LOW,
pharmacy_return_audit,Audit/Compliance,YES,YES,DIRECT hospital_id,admissions|bills|users,1,YES,YES,NO,NO,LOW,
pharmacy_stock_alerts,Pharmacy,YES,YES,DIRECT hospital_id,users|drug_batches|drug_master,4,YES,YES,NO,NO,LOW,
pharmacy_supplier_returns,Pharmacy,YES,YES,DIRECT hospital_id,drug_batches|users|drug_master,3,YES,YES,NO,NO,LOW,
pharmacy_waste_disposal,Pharmacy,YES,YES,DIRECT hospital_id,drug_batches|users|drug_master,2,YES,YES,NO,NO,LOW,
phi_access_audit,Audit/Compliance,YES,YES,DIRECT hospital_id,users,4,YES,YES,NO,NO,LOW,
phi_backfill_log,Audit/Compliance,YES,YES,DIRECT hospital_id,,2,YES,YES,NO,NO,LOW,
phi_encryption_keys,Audit/Compliance,YES,YES,hospital_id present but UNUSED by RLS,,1,NO,YES,NO,NO,HIGH,column exists but no policy references it
physio_equipment_bookings,Other,YES,YES,DIRECT hospital_id,users|patients|physio_sessions,1,YES,YES,NO,NO,LOW,
physio_referrals,Other,YES,YES,DIRECT hospital_id,users|admissions|opd_encounters,1,YES,YES,NO,NO,LOW,
physio_sessions,Other,YES,YES,DIRECT hospital_id,patients|physio_referrals|users,1,YES,YES,NO,NO,LOW,
plan_features,Platform,NO,NO,DERIVED via subscription_plans,subscription_plans,3,NO,NO,YES,NO,CRITICAL,USING(true) readable by any authenticated user
platform_ai_keys,AI,NO,NO,GLOBAL / non-tenant,,2,NO,NO,NO,NO,LOW,
platform_ai_provider_config,AI,NO,NO,GLOBAL / non-tenant,,5,NO,NO,YES,NO,CRITICAL,USING(true) readable by any authenticated user
platform_billing_settings,Platform,NO,NO,GLOBAL / non-tenant,,2,NO,NO,NO,NO,LOW,
platform_feature_flag_overrides,Platform,YES,YES,DIRECT hospital_id,platform_feature_flags,2,YES,NO,NO,NO,LOW,
platform_feature_flags,Platform,NO,NO,DERIVED via users,users,2,NO,NO,YES,NO,CRITICAL,USING(true) readable by any authenticated user
platform_incident_updates,Platform,NO,NO,DERIVED via users/platform_incidents,users|platform_incidents,2,NO,NO,YES,NO,CRITICAL,USING(true) readable by any authenticated user
platform_incidents,Platform,NO,NO,DERIVED via users,users,2,NO,NO,YES,NO,CRITICAL,USING(true) readable by any authenticated user
platform_metrics_registry,Platform,NO,NO,GLOBAL / non-tenant,,2,NO,NO,NO,NO,LOW,
platform_onboarding_tours,Platform,NO,NO,GLOBAL / non-tenant,,2,NO,NO,NO,NO,LOW,
platform_settings,Platform,NO,NO,GLOBAL / non-tenant,,1,NO,NO,NO,NO,LOW,
platform_support_tickets,Platform,YES,YES,DIRECT hospital_id,aumrti_admins|users|platform_support_tickets,1,YES,YES,NO,NO,LOW,
platform_training_videos,Platform,NO,NO,GLOBAL / non-tenant,,2,NO,NO,NO,NO,LOW,
pm_schedules,Other,YES,YES,DIRECT hospital_id,users|equipment_master,1,YES,YES,NO,NO,LOW,
pmjay_claims,PM-JAY,YES,YES,DIRECT hospital_id,admissions|bills|patients,1,YES,YES,NO,NO,LOW,
pmjay_package_master,PM-JAY,YES,YES,DIRECT hospital_id,,1,YES,YES,NO,NO,LOW,
pmjay_packages,PM-JAY,YES,YES,DIRECT hospital_id,govt_schemes,3,YES,YES,NO,NO,LOW,
pmjay_preauth_requests,PM-JAY,YES,YES,DIRECT hospital_id,patients|users,1,YES,YES,NO,NO,LOW,
po_approval_rules,Other,YES,YES,DIRECT hospital_id,,1,YES,YES,NO,NO,LOW,
po_items,Other,YES,YES,DIRECT hospital_id,inventory_items|purchase_orders,4,YES,YES,NO,NO,LOW,
portal_chat_messages,Patient,YES,YES,hospital_id present but UNUSED by RLS,patients,1,NO,NO,NO,NO,HIGH,column exists but no policy references it
prakriti_assessments,Other,YES,YES,DIRECT hospital_id,users|patients,1,YES,YES,NO,NO,LOW,
pre_auth_requests,Insurance,YES,YES,DIRECT hospital_id,admissions|scheme_beneficiaries|pmjay_packages,1,YES,YES,NO,NO,LOW,
prescriptions,Pharmacy,YES,YES,DIRECT hospital_id,admissions|users|opd_encounters,2,YES,YES,NO,NO,LOW,
preventive_screenings,Other,YES,YES,DIRECT hospital_id,patients|users,1,YES,YES,NO,NO,LOW,
procurement_recommendations,Procurement,YES,YES,DIRECT hospital_id,inventory_items,3,YES,YES,NO,NO,LOW,
product_analytics_events,Other,YES,YES,DIRECT hospital_id,users,2,YES,YES,NO,NO,LOW,
product_modes,Other,YES,YES,DIRECT hospital_id,,1,YES,YES,NO,NO,LOW,
prom_prem_surveys,Patient,YES,YES,DIRECT hospital_id,patients,3,YES,NO,NO,NO,LOW,
prompt_registry,AI,NO,NO,DERIVED via users,users,2,YES,YES,NO,NO,LOW,
psychometric_assessments,Other,YES,NO,DIRECT hospital_id,mental_health_encounters,2,YES,YES,NO,NO,LOW,
purchase_orders,Procurement,YES,YES,DIRECT hospital_id,users|departments|users,3,YES,YES,NO,NO,LOW,
purchase_requisitions,Procurement,YES,YES,DIRECT hospital_id,departments|users,1,YES,YES,NO,NO,LOW,
push_notifications,Notifications,YES,YES,DIRECT hospital_id,users,2,YES,YES,NO,NO,LOW,
qi_cycles,Other,NO,NO,DERIVED via qi_projects,qi_projects,1,YES,YES,NO,NO,LOW,
qi_projects,Other,YES,YES,DIRECT hospital_id,nabh_standards|users|clinical_audits,1,YES,YES,NO,NO,LOW,
quality_indicator_definitions,Quality/NABH,NO,NO,GLOBAL / non-tenant,,2,NO,NO,YES,NO,CRITICAL,USING(true) readable by any authenticated user
quality_indicator_overrides,Quality/NABH,YES,YES,DIRECT hospital_id,quality_indicator_definitions|users,2,YES,YES,NO,NO,LOW,
quality_indicators,Quality/NABH,YES,YES,DIRECT hospital_id,,2,YES,YES,NO,NO,LOW,
queue_state,OPD,YES,YES,DIRECT hospital_id,users|opd_tokens|departments,2,YES,YES,YES,NO,CRITICAL,USING(true) readable by any authenticated user
quotation_items,Other,NO,NO,DERIVED via inventory_items/vendor_quotations,inventory_items|vendor_quotations,1,YES,YES,NO,NO,LOW,
radiology_modalities,Radiology,YES,YES,DIRECT hospital_id,,2,YES,YES,NO,NO,LOW,
radiology_orders,Radiology,YES,YES,DIRECT hospital_id,admissions|opd_encounters|radiology_modalities,4,YES,YES,NO,NO,LOW,
radiology_reports,Radiology,YES,YES,DIRECT hospital_id,radiology_orders|patients|users,2,YES,YES,NO,NO,LOW,
radiology_study_master,Radiology,YES,YES,DIRECT hospital_id,radiology_modalities,1,YES,YES,NO,NO,LOW,
razorpay_plan_registry,Payments,NO,NO,DERIVED via subscription_plans,subscription_plans,2,NO,N/A,NO,NO,MEDIUM,
razorpay_webhook_log,Payments,YES,NO,DENY-ALL (no policies),,0,NO,N/A,NO,NO,LOW,column exists but no policy references it; service_role only (bypassrls)
reconciliation_discrepancies,Other,YES,YES,DIRECT hospital_id,admissions|med_reconciliation_events|users,1,YES,YES,NO,NO,LOW,
record_access_logs,Other,YES,YES,DIRECT hospital_id,users|patients,1,YES,YES,NO,NO,LOW,
record_requests,Other,YES,YES,DIRECT hospital_id,users|patients|medical_records,1,YES,YES,NO,NO,LOW,
record_retention_policies,Other,YES,YES,DIRECT hospital_id,,1,YES,YES,NO,NO,LOW,
referral_codes,Platform,YES,YES,DIRECT hospital_id,users|referral_partners,2,YES,NO,NO,NO,LOW,
referral_doctors,Platform,YES,YES,DIRECT hospital_id,,1,YES,YES,NO,NO,LOW,
referral_partners,Platform,NO,NO,DERIVED via users,users,1,NO,NO,NO,NO,MEDIUM,
referral_redemptions,Platform,NO,YES,DERIVED via referral_codes,referral_codes,2,YES,NO,NO,NO,LOW,
refund_payables,Billing,YES,YES,DIRECT hospital_id,admissions|users|bills,3,YES,YES,NO,NO,LOW,
report_schedules,Reporting,YES,YES,DIRECT hospital_id,,1,YES,YES,NO,NO,LOW,
requisition_items,Other,NO,NO,DERIVED via inventory_items/purchase_requisitions,inventory_items|purchase_requisitions,1,YES,YES,NO,NO,LOW,
research_cohorts,Other,YES,YES,DIRECT hospital_id,users,1,YES,YES,NO,NO,LOW,
restraint_records,Other,YES,YES,DIRECT hospital_id,admissions|users|patients,1,YES,YES,NO,NO,LOW,
retention_schedules,Other,YES,YES,DIRECT hospital_id,users|patients,1,YES,YES,NO,NO,LOW,
revenue_alerts,Billing,YES,YES,DIRECT hospital_id,bills|patients|users,1,YES,YES,NO,NO,LOW,
revenue_leak_actions,Billing,YES,YES,DIRECT hospital_id,users|users|users,1,YES,YES,NO,NO,LOW,
rfq_vendors,Procurement,NO,NO,DERIVED via rfqs/vendors,rfqs|vendors,1,YES,YES,NO,NO,LOW,
rfqs,Procurement,YES,YES,DIRECT hospital_id,users|purchase_requisitions,1,YES,YES,NO,NO,LOW,
role_permissions,Identity,YES,YES,DIRECT hospital_id,,2,YES,YES,NO,NO,LOW,
safety_event_capa,Other,NO,NO,DERIVED via users/safety_events,users|safety_events,1,YES,YES,NO,NO,LOW,
safety_event_rca,Other,NO,NO,DERIVED via users/safety_events,users|safety_events,1,YES,YES,NO,NO,LOW,
safety_events,Other,YES,YES,DIRECT hospital_id,admissions|departments|nabh_standards,1,YES,YES,NO,NO,LOW,
safety_rounds,Other,YES,YES,DIRECT hospital_id,users,1,YES,YES,NO,NO,LOW,
salary_structures,Payroll,YES,YES,DIRECT hospital_id,,1,YES,YES,NO,NO,LOW,
scheme_beneficiaries,Other,YES,YES,DIRECT hospital_id,patients|govt_schemes,1,YES,YES,NO,NO,LOW,
second_victim_cases,Other,YES,YES,DIRECT hospital_id,users|users,1,YES,YES,NO,NO,LOW,
second_victim_sessions,Other,YES,YES,DIRECT hospital_id,second_victim_cases,1,YES,YES,NO,NO,LOW,
sedation_scores,ICU,YES,YES,DIRECT hospital_id,admissions|users,1,YES,YES,NO,NO,LOW,
service_charges,Billing,YES,YES,DIRECT hospital_id,admissions|bills|users,1,YES,YES,NO,NO,LOW,
service_master,Billing,YES,YES,DIRECT hospital_id,departments|users,2,YES,YES,NO,NO,LOW,
service_rates,Billing,YES,YES,DIRECT hospital_id,payer_masters,1,YES,YES,NO,NO,LOW,
set_issues,Other,YES,YES,DIRECT hospital_id,users|users|instrument_sets,1,YES,YES,NO,NO,LOW,
settlement_reconciliation_flags,Payments,YES,YES,hospital_id present but UNUSED by RLS,subscription_invoices|users,2,NO,NO,NO,NO,HIGH,column exists but no policy references it
shift_master,HR,YES,YES,DIRECT hospital_id,,4,YES,YES,NO,NO,LOW,
shift_swap_requests,HR,YES,YES,DIRECT hospital_id,users|users|users,1,YES,YES,NO,NO,LOW,
signup_otp_verifications,Platform,NO,NO,DENY-ALL (no policies),,0,NO,N/A,NO,NO,LOW,service_role only (bypassrls)
sms_notifications,Notifications,YES,YES,DIRECT hospital_id,,1,YES,YES,NO,NO,LOW,
staff_attendance,HR,YES,YES,DIRECT hospital_id,users|users,3,YES,YES,NO,NO,LOW,
staff_burnout_scores,HR,YES,YES,DIRECT hospital_id,users,1,YES,YES,NO,NO,LOW,
staff_credentials,HR,YES,YES,DIRECT hospital_id,users|users,1,YES,YES,NO,NO,LOW,
staff_documents,HR,YES,YES,DIRECT hospital_id,users|users|users,1,YES,YES,NO,NO,LOW,
staff_exits,HR,YES,YES,DIRECT hospital_id,users|users,1,YES,YES,NO,NO,LOW,
staff_grievances,HR,YES,YES,DIRECT hospital_id,users|users,1,YES,YES,NO,NO,LOW,
staff_injuries,HR,YES,YES,DIRECT hospital_id,users,1,YES,YES,NO,NO,LOW,
staff_privileges,HR,YES,YES,DIRECT hospital_id,departments|users|users,1,YES,YES,NO,NO,LOW,
staff_profiles,HR,YES,YES,DIRECT hospital_id,departments|users,2,YES,YES,NO,NO,LOW,
staff_salary_assignments,HR,YES,YES,DIRECT hospital_id,users|salary_structures,1,YES,YES,NO,NO,LOW,
staff_training_records,HR,YES,YES,DIRECT hospital_id,users,1,YES,YES,NO,NO,LOW,
staffing_alerts,HR,YES,YES,DIRECT hospital_id,ward_acuity_snapshots,1,YES,YES,NO,NO,LOW,
sterilization_cycles,Infection Control,YES,YES,DIRECT hospital_id,users|users|users,1,YES,YES,NO,NO,LOW,
stimulation_monitoring,Other,YES,YES,DIRECT hospital_id,ivf_cycles|users,2,YES,YES,NO,NO,LOW,
stock_count_items,Inventory,NO,NO,DERIVED via stock_counts/inventory_items,stock_counts|inventory_items,1,YES,YES,NO,NO,LOW,
stock_counts,Inventory,YES,YES,DIRECT hospital_id,users|users|store_locations,1,YES,YES,NO,NO,LOW,
stock_reorder_triggers,Inventory,YES,NO,DIRECT hospital_id,users|drug_master,2,YES,YES,NO,NO,LOW,
stock_transactions,Inventory,YES,YES,DIRECT hospital_id,users|departments|inventory_items,4,YES,YES,NO,NO,LOW,
store_indent_items,Inventory,NO,NO,DERIVED via store_indents/inventory_items,store_indents|inventory_items,1,YES,YES,NO,NO,LOW,
store_indents,Inventory,YES,YES,DIRECT hospital_id,users|store_locations|users,1,YES,YES,NO,NO,LOW,
store_locations,Inventory,YES,YES,DIRECT hospital_id,wards,1,YES,YES,NO,NO,LOW,
store_stock,Inventory,YES,YES,DIRECT hospital_id,vendors|inventory_items|store_locations,1,YES,YES,NO,NO,LOW,
store_stock_movements,Inventory,YES,YES,DIRECT hospital_id,store_indents|inventory_items|users,1,YES,YES,NO,NO,LOW,
subscription_events,Platform,YES,YES,DIRECT hospital_id,,2,YES,N/A,NO,NO,LOW,
subscription_invoices,Platform,YES,YES,DIRECT hospital_id,hospital_subscriptions,3,YES,N/A,NO,NO,LOW,
subscription_plans,Platform,NO,NO,GLOBAL / non-tenant,,3,NO,NO,YES,NO,CRITICAL,USING(true) readable by any authenticated user
system_config,Other,YES,YES,DIRECT hospital_id,,3,YES,YES,NO,NO,LOW,
tally_export_log,Other,YES,YES,DIRECT hospital_id,users,1,YES,YES,NO,NO,LOW,
tally_ledger_mapping,Other,YES,YES,DIRECT hospital_id,,1,YES,YES,NO,NO,LOW,
tds_annual_summary,Payroll,YES,YES,DIRECT hospital_id,users,1,YES,YES,NO,NO,LOW,
tds_sections,Payroll,YES,YES,DIRECT hospital_id,,1,YES,YES,NO,NO,LOW,
teleconsult_sessions,Telemedicine,YES,YES,DIRECT hospital_id,users|opd_encounters|opd_tokens,2,YES,YES,NO,NO,LOW,
therapy_plans,Other,YES,NO,DIRECT hospital_id,,2,YES,YES,NO,NO,LOW,
therapy_sessions,Other,YES,NO,DIRECT hospital_id,therapy_plans,2,YES,YES,NO,NO,LOW,
toxicity_events,Other,YES,YES,DIRECT hospital_id,chemo_orders|patients|users,1,YES,YES,NO,NO,LOW,
tpa_config,TPA,YES,YES,DIRECT hospital_id,,4,YES,YES,NO,NO,LOW,
tpa_dispute_communications,TPA,YES,YES,DIRECT hospital_id,tpa_disputes|users,1,YES,YES,NO,NO,LOW,
tpa_disputes,TPA,YES,YES,DIRECT hospital_id,insurance_claims|users|insurance_payment_reconciliation,1,YES,YES,NO,NO,LOW,
tpa_queries,TPA,YES,YES,DIRECT hospital_id,admissions|insurance_claims|insurance_pre_auth,1,YES,YES,NO,NO,LOW,
transfusion_reactions,Blood Bank,YES,YES,DIRECT hospital_id,blood_issues|patients|users,1,YES,YES,NO,NO,LOW,
translate_pricing,Other,NO,NO,GLOBAL / non-tenant,,1,NO,NO,NO,NO,LOW,
tv_display_settings,Other,YES,YES,DIRECT hospital_id,,2,YES,YES,YES,NO,CRITICAL,USING(true) readable by any authenticated user
user_permission_overrides,Identity,YES,YES,DIRECT hospital_id,users,2,YES,YES,NO,NO,LOW,
user_tour_progress,Identity,NO,NO,DERIVED via platform_onboarding_tours/users,platform_onboarding_tours|users,3,NO,NO,NO,NO,MEDIUM,
user_trusted_devices,Identity,NO,NO,DERIVED via users,users,3,NO,NO,NO,NO,MEDIUM,
users,Identity,YES,YES,DIRECT hospital_id,users|branches|departments,4,YES,NO,NO,NO,LOW,
vaccination_due,Vaccination,YES,YES,DIRECT hospital_id,patients|vaccine_master,2,YES,YES,NO,NO,LOW,
vaccination_records,Vaccination,YES,YES,DIRECT hospital_id,users|bills|patients,2,YES,YES,NO,NO,LOW,
vaccine_camps,Vaccination,YES,YES,DIRECT hospital_id,users,2,YES,YES,NO,NO,LOW,
vaccine_master,Vaccination,YES,YES,DIRECT hospital_id,,5,YES,YES,NO,NO,LOW,
vaccine_stock,Vaccination,YES,YES,DIRECT hospital_id,vaccine_master,2,YES,YES,NO,NO,LOW,
vendor_quotations,Procurement,YES,YES,DIRECT hospital_id,purchase_orders|rfqs|vendors,1,YES,YES,NO,NO,LOW,
vendor_rate_contracts,Procurement,YES,YES,DIRECT hospital_id,inventory_items|vendors,1,YES,YES,NO,NO,LOW,
vendors,Procurement,YES,YES,DIRECT hospital_id,,4,YES,YES,NO,NO,LOW,
ventilator_params,ICU,YES,YES,DIRECT hospital_id,admissions|users,1,YES,YES,NO,NO,LOW,
vial_wastage,Other,YES,YES,DIRECT hospital_id,chemo_orders,1,YES,YES,NO,NO,LOW,
visitor_passes,OPD,YES,YES,DIRECT hospital_id,users|patients,1,YES,YES,NO,NO,LOW,
ward_acuity_snapshots,IPD,YES,YES,DIRECT hospital_id,,1,YES,YES,NO,NO,LOW,
ward_round_notes,IPD,YES,YES,DIRECT hospital_id,admissions|users|patients,2,YES,YES,NO,NO,LOW,
wards,IPD,YES,YES,DIRECT hospital_id,,2,YES,YES,NO,NO,LOW,
webhook_dlq,Integration,NO,NO,DENY-ALL (no policies),,0,NO,N/A,NO,NO,LOW,service_role only (bypassrls)
whatsapp_bot_messages,Notifications,YES,YES,DIRECT hospital_id,whatsapp_bot_sessions,1,YES,YES,NO,NO,LOW,
whatsapp_bot_sessions,Notifications,YES,YES,DIRECT hospital_id,patients,1,YES,YES,NO,NO,LOW,
whatsapp_connectors,Notifications,YES,YES,DIRECT hospital_id,,1,YES,YES,NO,NO,LOW,
whatsapp_notifications,Notifications,YES,YES,DIRECT hospital_id,patients,3,YES,YES,NO,NO,LOW,
whatsapp_templates,Notifications,YES,YES,DIRECT hospital_id,,2,YES,YES,NO,NO,LOW,
wound_assessments,Nursing,YES,YES,DIRECT hospital_id,admissions|users|patients,1,YES,YES,NO,NO,LOW,
