"TC#","Section","Priority","Test Case","Steps","Expected Result","Status(PASS/FAIL/BLOCKED)","mock data","Cross-Module Link","Settings need to set before entering to the module","Actual Result(What happened)","Console Error(Copy-paste red text)","Screenshot(Y/N)","Notes","Journey Scenario","Why This Exists","Test Type","Role/Login","Supabase Verify","Playwright Spec","Defect ID"
"TC-P3A-001","3A Registration","P2","Patient Registry screen loads and lists the seeded patients","1) Log in as hospital_admin (Hospital A) 2) Open /patients 3) Wait for the table to load","The Patient Registry table renders with a row per active seeded patient, header shows the total count badge, and no console errors are thrown.","","None","","Tier 0 complete; qa:seed run","","","","","P3-S01","If the registry does not load, every downstream module (OPD, Lab, Billing) has no patient to attach work to.","Positive","hospital_admin (Hospital A)","None","e2e/phase-03-patient-records/P3A.registration.spec.ts",""
"TC-P3A-002","3A Registration","P2","Register New Patient opens an empty form","1) Open /patients 2) Click ""Register New Patient""","A modal titled ""Register New Patient"" opens with Full Name, Phone and every other field blank, and the Register Patient button disabled (DPDP consent unticked).","","None","","None","","","","","P3-S01","A form pre-filled from a previous session would silently attach the wrong details to a new UHID.","Positive","hospital_admin (Hospital A)","None","e2e/phase-03-patient-records/P3A.registration.spec.ts",""
"TC-P3A-003","3A Registration","P1","Full-detail registration saves and issues a sequential UHID","1) Open /patients 2) Click ""Register New Patient"" 3) Fill Full Name, Phone, DOB, Gender, Blood Group, Address, Allergies, Chronic Conditions, Insurance ID, Emergency Contact Name/Phone from phase3.registration.full 4) Tick the DPDP consent checkbox 5) Click ""Register Patient""","A success toast shows the new UHID; the patient appears in the registry with every entered field intact.","","phase3.registration.full — Kavya Prasad","OPD, Billing","Tier 0 complete","","","","","P3-S01","This is the golden-path registration every other module (OPD token, lab order, bill) depends on existing correctly.","Positive","hospital_admin (Hospital A)","patients where hospital_id = A and full_name = 'Kavya Prasad' and phone = '9876555001' → uhid not null","e2e/phase-03-patient-records/P3A.registration.spec.ts",""
"TC-P3A-004","3A Registration","P2","UHID follows the hospital's configured prefix and date format","1) Note hospitals.uhid_prefix and uhid_date_format for Hospital A in Supabase 2) Register phase3.registration.full as in TC-P3A-003 3) Read the returned UHID Route: /patients","The UHID matches `<uhid_prefix>-<YYYYMMDD or YYYY or nothing per uhid_date_format>-<4-digit sequence>`, generated by the next_seq RPC — never a hardcoded ""UHID-"" prefix.","","phase3.registration.full","","Hospital Profile UHID format configured (Phase 2)","","","","","P3-S01","A hospital that customised its UHID prefix in Settings must see that prefix on every new registration, not a generic default that breaks their existing paper-record cross-reference.","Positive","hospital_admin (Hospital A)","patients where hospital_id = A and full_name = 'Kavya Prasad' → uhid format","e2e/phase-03-patient-records/P3A.registration.spec.ts",""
"TC-P3A-005","3A Registration","P1","Two same-day registrations receive consecutive UHID sequence numbers","1) Register phase3.registration.full 2) Immediately register phase3.registration.sameDaySecond 3) Compare the two returned UHIDs Route: /patients","The second UHID's 4-digit sequence is exactly one greater than the first's, proving the sequence is atomic (next_seq RPC) and not two clients racing a client-side counter.","","phase3.registration.full, phase3.registration.sameDaySecond","","None","","","","","P3-S01","Two patients issued the same UHID on a busy morning is a data-integrity incident — every subsequent record for both people merges into one chart.","Boundary","hospital_admin (Hospital A)","patients where hospital_id = A and full_name in ('Kavya Prasad','Meena Prasad') → uhid sequence consecutive","e2e/phase-03-patient-records/P3A.registration.spec.ts",""
"TC-P3A-006","3A Registration","P2","DPDP consent text is shown before submission","1) Open /patients 2) Click ""Register New Patient"" 3) Scroll to the bottom of the form","A DPDP Act 2023 consent statement is displayed next to the checkbox, naming the hospital and the purpose of data collection (getDPDPConsentText()).","","None","","Hospital Profile name configured","","","","","P3-S01","Collecting PHI without a shown consent purpose violates the DPDP Act 2023 purpose-limitation requirement.","Positive","hospital_admin (Hospital A)","None","e2e/phase-03-patient-records/P3A.registration.spec.ts",""
"TC-P3A-007","3A Registration","P1","Register Patient is disabled until DPDP consent is checked","1) Open /patients 2) Click ""Register New Patient"" 3) Fill Full Name only, leave the DPDP checkbox unticked 4) Inspect the Register Patient button","The Register Patient button stays disabled while the DPDP checkbox is unticked, so no patient can be saved without recorded consent.","","phase3.registration.full.fullName","","None","","","","","P3-S01","A patient saved without DPDP consent is a compliance breach that cannot be fixed retroactively — the button gate is the only enforcement point.","Negative","hospital_admin (Hospital A)","patients where hospital_id = A and full_name = 'Kavya Prasad' → no row created while unticked","e2e/phase-03-patient-records/P3A.registration.spec.ts",""
"TC-P3A-008","3A Registration","P1","A patient cannot be saved without a name","1) Open ""Register New Patient"" 2) Leave Full Name blank, fill Phone only 3) Tick DPDP consent 4) Click Register Patient Route: /patients","A ""Name must be at least 2 characters"" field error is shown and no patient row is created.","","None","","None","","","","","P3-S01","An unnamed patient is unfindable at every later touch-point — OPD token, lab order, bill — none of which can be raised against a blank name.","Negative","hospital_admin (Hospital A)","patients where hospital_id = A and full_name is null or empty → no new row","e2e/phase-03-patient-records/P3A.registration.spec.ts",""
"TC-P3A-009","3A Registration","P2","A single-character name is rejected","1) Open ""Register New Patient"" 2) Type ""A"" into Full Name 3) Tick DPDP consent 4) Click Register Patient Route: /patients","The same ""Name must be at least 2 characters"" error blocks the save.","","phase3.registration.invalid.shortName","","None","","","","","P3-S01","A one-character name is almost always a data-entry slip that produces an unsearchable record.","Boundary","hospital_admin (Hospital A)","patients where hospital_id = A and full_name = 'A' → no row","e2e/phase-03-patient-records/P3A.registration.spec.ts",""
"TC-P3A-010","3A Registration","P2","A phone number shorter than 10 digits is rejected","1) Open ""Register New Patient"" 2) Fill Full Name 3) Type phase3.registration.invalid.shortPhone (6 digits) into Phone 4) Tick DPDP consent 5) Click Register Patient Route: /patients","A ""Phone must be exactly 10 digits"" field error blocks the save.","","phase3.registration.invalid.shortPhone","","None","","","","","P3-S01","An unreachable phone number breaks the kiosk/portal OTP check-in, appointment reminders and outstanding-balance follow-up.","Negative","hospital_admin (Hospital A)","None","e2e/phase-03-patient-records/P3A.registration.spec.ts",""
"TC-P3A-011","3A Registration","P2","A phone number longer than 10 digits is rejected","1) Open ""Register New Patient"" 2) Fill Full Name 3) Type phase3.registration.invalid.longPhone (11 digits) into Phone 4) Tick DPDP consent 5) Click Register Patient Route: /patients","The same ""Phone must be exactly 10 digits"" error blocks the save.","","phase3.registration.invalid.longPhone","","None","","","","","P3-S01","An 11-digit value stored as ""phone"" corrupts every SMS/WhatsApp integration that assumes a 10-digit Indian mobile number.","Boundary","hospital_admin (Hospital A)","None","e2e/phase-03-patient-records/P3A.registration.spec.ts",""
"TC-P3A-012","3A Registration","P2","Phone is optional — registration succeeds with it left blank","1) Open ""Register New Patient"" 2) Fill Full Name only 3) Tick DPDP consent 4) Click Register Patient Route: /patients","The patient saves successfully with phone stored as null — this is the path an MLC/unknown patient later becomes identifiable through.","","phase3.registration.invalid.shortName is NOT used here — use a fresh name, e.g. reuse phase3.registration.receptionistEntry.fullName","","None","","","","","P3-S01","Requiring a phone would make walk-in patients with no mobile (common for elderly rural patients) unregisterable.","Positive","hospital_admin (Hospital A)","patients where hospital_id = A and full_name = 'Farida Sheikh' → phone is null","e2e/phase-03-patient-records/P3A.registration.spec.ts",""
"TC-P3A-013","3A Registration","P1","A date of birth in the future is rejected","1) Open ""Register New Patient"" 2) Fill Full Name 3) Set DOB to tomorrow's date 4) Tick DPDP consent 5) Click Register Patient Route: /patients","A ""Date of birth must be in the past"" field error blocks the save.","","None (computed: today + 1 day)","","None","","","","","P3-S01","A future DOB produces a negative age everywhere it is displayed and breaks paediatric drug-dosing calculations that key off age.","Negative","hospital_admin (Hospital A)","None","e2e/phase-03-patient-records/P3A.registration.spec.ts",""
"TC-P3A-014","3A Registration","P2","A date of birth of exactly today is accepted","1) Open ""Register New Patient"" 2) Fill Full Name 3) Set DOB to today's date 4) Tick DPDP consent 5) Click Register Patient Route: /patients","The save succeeds — this is the exact boundary a same-day newborn registration relies on.","","None (computed: today)","","None","","","","","P3-S01","The newborn scenario (P3-S04) depends on DOB = today being a valid, non-rejected value.","Boundary","hospital_admin (Hospital A)","patients where hospital_id = A and dob = current date → row exists","e2e/phase-03-patient-records/P3A.registration.spec.ts",""
"TC-P3A-015","3A Registration","P2","Age-only entry (no DOB) computes and stores a DOB","1) Open ""Register New Patient"" 2) Fill Full Name and Age from phase3.registration.ageOnly, leave DOB blank 3) Tick DPDP consent 4) Click Register Patient Route: /patients","The saved patient's dob column is populated as (today's year − entered age), so age-based screens (paediatric dosing, geriatric alerts) work even though DOB was never typed.","","phase3.registration.ageOnly — Gopal Naidu, age 58","","None","","","","","P3-S01","Front-desk staff frequently know a patient's age but not their exact birth date — the app must not silently leave dob null in that case.","Positive","hospital_admin (Hospital A)","patients where hospital_id = A and full_name = 'Gopal Naidu' → dob is not null","e2e/phase-03-patient-records/P3A.registration.spec.ts",""
"TC-P3A-016","3A Registration","P3","Selecting patient category CGHS reveals the Beneficiary No. field","1) Open ""Register New Patient"" 2) Click the ""CGHS"" category chip Route: /patients","A text field placeholder ""CGHS Beneficiary No."" appears beneath the category chips.","","phase3.registration.cghs.beneficiaryNo","Insurance","None","","","","","P3-S01","CGHS billing later needs the beneficiary number on the claim — if the field never appears, front desk has nowhere to capture it at registration time.","Positive","hospital_admin (Hospital A)","None","e2e/phase-03-patient-records/P3A.registration.spec.ts",""
"TC-P3A-017","3A Registration","P2","Aadhaar ID is stored digits-only and masked on screen","1) Open ""Register New Patient"" 2) Fill Full Name from phase3.registration.aadhaar 3) Type phase3.registration.aadhaar.aadhaar (with or without dashes) into Aadhaar ID 4) Tick DPDP consent 5) Save 6) Reopen the patient in edit mode Route: /patients","The field displays formatted as XXXX-XXXX-1234 (last 4 digits only) on screen; the stored aadhaar_id column holds only the 12 raw digits, never the dashes.","","phase3.registration.aadhaar — Shalini Rao","","None","","","","","P3-S01","Aadhaar is one of the most sensitive identifiers under DPDP Act 2023 — masking on screen and clean digit storage are both required, not cosmetic.","Positive","hospital_admin (Hospital A)","patients where hospital_id = A and full_name = 'Shalini Rao' → aadhaar_id = '234567890123' (digits only)","e2e/phase-03-patient-records/P3A.registration.spec.ts",""
"TC-P3A-018","3A Registration","P1","Registration writes a patient_consents row with consent_type data_collection","1) Register phase3.registration.full as in TC-P3A-003 2) In Supabase, query patient_consents for the new patient_id Route: /patients","A patient_consents row exists with consent_type = ""data_collection"", consent_given = true, and a non-empty consent_text.","","phase3.registration.full","","None","","","","","P3-S01","The DPDP checkbox is only meaningful compliance evidence if it is actually written to an auditable table — a UI-only tick proves nothing to a regulator.","Positive","hospital_admin (Hospital A)","patient_consents where patient_id = (new Kavya Prasad id) and consent_type = 'data_collection' → consent_given = true","e2e/phase-03-patient-records/P3A.registration.spec.ts",""
"TC-P3A-019","3A Registration","P2","A receptionist can register a new patient","1) Log out 2) Log in as receptionist (Hospital A) 3) Open /patients 4) Register phase3.registration.receptionistEntry, ticking DPDP consent","The receptionist role can complete registration end to end — this is the primary role that performs it in a real hospital.","","phase3.registration.receptionistEntry — Farida Sheikh","","Roles & Permissions: receptionist has register_patient action access","","","","","P3-S01","If the front-desk role cannot register patients, the entire OPD queue stalls at the very first step of the day.","RBAC","receptionist (Hospital A)","patients where hospital_id = A and full_name = 'Farida Sheikh' → row exists","e2e/phase-03-patient-records/P3A.registration.spec.ts",""
"TC-P3B-001","3B Duplicate detection","P1","Registering a patient with a name and phone identical to an existing patient succeeds and creates a second row","1) Register phase3.duplicate.probeName / probePhone once, ticking DPDP consent 2) Repeat the exact same registration a second time Route: /patients","CURRENT APP BEHAVIOUR (a defect): the second registration saves without any warning, search prompt or block, producing two separate patients rows for the same person with two different UHIDs.","","phase3.duplicate.probeName, phase3.duplicate.probePhone","","None","","","","","P3-S02","A second UHID for the same person forks their clinical history in two — allergy flags, drug history and past diagnoses recorded under the first UHID are invisible on the second, which is a direct patient-safety risk.","Negative","hospital_admin (Hospital A)","patients where hospital_id = A and full_name = 'Kiran Deshpande' and phone = '9876555010' → expect 2 rows (documents the gap; a fix would make this 1)","e2e/phase-03-patient-records/P3B.duplicate.spec.ts",""
"TC-P3B-002","3B Duplicate detection","P2","No duplicate-warning element appears during or after the duplicate save","1) Repeat TC-P3B-001 2) Watch the screen throughout both submissions for any modal, banner or toast mentioning an existing match Route: /patients","No duplicate-warning UI is shown at any point — the second save proceeds identically to a first-time registration.","","phase3.duplicate.probeName, phase3.duplicate.probePhone","","None","","","","","P3-S02","Confirms the gap is a genuine missing feature, not a warning the tester simply didn't notice — this determines whether the fix is 'surface the existing warning' or 'build one'.","Negative","hospital_admin (Hospital A)","patients where hospital_id = A and phone = phase3.duplicate.probePhone → the second save still created a row (see TC-P3B-001)","e2e/phase-03-patient-records/P3B.duplicate.spec.ts",""
"TC-P3B-003","3B Duplicate detection","P1","The two duplicate rows carry two different UHIDs","1) After TC-P3B-001, query both ""Kiran Deshpande"" rows in Supabase and compare their uhid values Query rows from patients.","The two rows have different, independently-sequenced UHIDs — there is no shared identifier a later merge could key off automatically.","","phase3.duplicate.probeName","","None","","","","","P3-S02","Two different UHIDs for one person means every future bill, lab order or admission attaches to only one half of their history at random, depending on which UHID the desk happens to search up that day.","Negative","hospital_admin (Hospital A)","patients where hospital_id = A and full_name = 'Kiran Deshpande' → 2 distinct uhid values","e2e/phase-03-patient-records/P3B.duplicate.spec.ts",""
"TC-P3B-004","3B Duplicate detection","P2","A near-duplicate — same phone, differently-spaced/cased name — is also accepted without warning","1) Register phase3.duplicate.probeName/probePhone once (if not already present from TC-P3B-001) 2) Register phase3.duplicate.nearDuplicateName with the SAME probePhone","The near-duplicate (""kiran  deshpande"" — different case, extra space) saves as a third distinct row on the same phone number with no warning, exactly like the exact-duplicate case.","","phase3.duplicate.nearDuplicateName, phase3.duplicate.probePhone","","None","","","","","P3-S02","Even a future exact-match de-dup fix would still miss this case — a case-insensitive whitespace-normalised match is the minimum bar, and this proves whether that bar is met.","Boundary","hospital_admin (Hospital A)","patients where hospital_id = A and phone = '9876555010' → count >= 3","e2e/phase-03-patient-records/P3B.duplicate.spec.ts",""
"TC-P3B-005","3B Duplicate detection","P2","The seeded duplicate pair PT-QA-0001 / PT-QA-0029 confirms the same gap independent of any single test run","1) In Supabase, query patients where hospital_id = A and full_name = 'Ramesh Kumar' and phone = '9876500001' Query rows from patients.","Both PT-QA-0001 and PT-QA-0029 exist as two separate rows with the same name and phone — the seed data itself documents the gap as a stable regression indicator, independent of anything this spec creates.","","PT-QA-0001, PT-QA-0029","","qa:seed run","","","","","P3-S02","If a future fix makes this pair collapse to one row unexpectedly (or the seeder stops producing two), that is itself a signal the de-dup behaviour changed and the phase's cases need re-authoring.","Positive","hospital_admin (Hospital A)","patients where hospital_id = A and full_name = 'Ramesh Kumar' and phone = '9876500001' → 2 rows, uhid in ('PT-QA-0001','PT-QA-0029')","e2e/phase-03-patient-records/P3B.duplicate.spec.ts",""
"TC-P3C-001","3C Emergency & newborn","P1","Emergency Registration saves with only an arrival mode and triage category selected","1) Log in as receptionist (Hospital A) 2) Open /emergency 3) Click ""+ Register Emergency Patient"" 4) Leave Name at its default ""Unknown"", leave Age/Complaint blank 5) Select Arrival Mode ""Walk-in"" 6) Select Triage ""P3 - Delayed"" 7) Click ""Register & Triage""","The patient and its ED visit save successfully with name ""Unknown"" — this is the true minimum needed to begin emergency treatment.","","None (defaults)","Billing","None","","","","","P3-S03","A trauma patient cannot wait for a full registration form before triage begins — treatment must be startable from arrival mode and triage alone.","Positive","receptionist (Hospital A)","patients where hospital_id = A and full_name = 'Unknown' → row exists; ed_visits where patient_id = (that id) → triage_category = 'P3'","e2e/phase-03-patient-records/P3C.emergency-newborn.spec.ts",""
"TC-P3C-002","3C Emergency & newborn","P2","Patient Name defaults to ""Unknown"" and is not a required field","1) Open the Emergency Registration modal 2) Inspect the Patient Name field before typing anything Route: /emergency","The field is pre-filled with ""Unknown"" and the Register button is not blocked by an empty-name validation error.","","None","","None","","","","","P3-S03","An unconscious road-accident victim with no ID must be registerable without anyone inventing a name.","Positive","receptionist (Hospital A)","None","e2e/phase-03-patient-records/P3C.emergency-newborn.spec.ts",""
"TC-P3C-003","3C Emergency & newborn","P2","Emergency Registration has no DPDP consent control","1) Open the Emergency Registration modal 2) Inspect the full form top to bottom Route: /emergency","CURRENT APP BEHAVIOUR (a gap): unlike the main /patients registration form, no DPDP consent checkbox or notice is present anywhere in this modal.","","None","","None","","","","","P3-S03","Every other registration path in the app captures DPDP consent — an emergency patient (once stabilised) still has the same DPDP Act 2023 rights, and this path currently records none.","Negative","receptionist (Hospital A)","None","e2e/phase-03-patient-records/P3C.emergency-newborn.spec.ts",""
"TC-P3C-004","3C Emergency & newborn","P1","Submitting is blocked until a triage category is chosen, unless Brought Dead is selected","1) Open Emergency Registration 2) Leave Arrival Mode at ""Walk-in"" default 3) Do not select any triage level 4) Inspect the Register & Triage button Route: /emergency","The button stays disabled (""Select triage category"" toast on click) while Arrival Mode is not ""Brought Dead"" and no triage level is chosen.","","None","","None","","","","","P3-S03","An ED visit with no triage category cannot be prioritised on the board — a patient could wait behind someone objectively less urgent.","Negative","receptionist (Hospital A)","None","e2e/phase-03-patient-records/P3C.emergency-newborn.spec.ts",""
"TC-P3C-005","3C Emergency & newborn","P1","Selecting ""Brought Dead"" waives the triage requirement and records disposition expired","1) Open Emergency Registration 2) Select Arrival Mode ""Brought Dead"" 3) Enter phase3.emergency.broughtDeadComplaint as the complaint 4) Click ""Record Brought Dead"" Route: /emergency","The save succeeds with no triage category required; the created ed_visits row has disposition = ""expired"" and is_active = false.","","phase3.emergency.broughtDeadComplaint","Mortuary","None","","","","","P3-S03","Forcing a triage selection for a patient already deceased on arrival would block the mortuary workflow behind a meaningless clinical decision.","Positive","receptionist (Hospital A)","ed_visits where hospital_id = A and chief_complaint = 'Found unresponsive at home' → disposition = 'expired', is_active = false","e2e/phase-03-patient-records/P3C.emergency-newborn.spec.ts",""
"TC-P3C-006","3C Emergency & newborn","P1","A ""Brought Dead"" registration routes the patient to the mortuary with a body number","1) Complete TC-P3C-005 2) Open /mortuary and search for the same patient","The mortuary module shows a new admission for this patient with a system-generated body number, created automatically by routeEdPatientToMortuary().","","phase3.emergency.broughtDeadComplaint","Mortuary","Mortuary module enabled on plan","","","","","P3-S03","If the automatic mortuary routing silently fails, a deceased patient is left ""active"" in the ED queue indefinitely with no one aware a body needs to be received.","Cross-Module","receptionist (Hospital A)","mortuary_admissions (or equivalent) where patient_id = (brought-dead patient id) → body_number not null","e2e/phase-03-patient-records/P3C.emergency-newborn.spec.ts",""
"TC-P3C-007","3C Emergency & newborn","P1","The phone/name search box finds and links an existing patient instead of creating a duplicate","1) Open Emergency Registration 2) In the ""Search by phone or name"" box, type PT-QA-0002's phone (9876500002) 3) Click the matching result for Sunita Reddy Route: /emergency","The form shows ""✓ Linked to: Sunita Reddy (PT-QA-0002)"" and the Patient Name field is populated from the existing record.","","PT-QA-0002 phone 9876500002","","None","","","","","P3-S03","This is the one registration surface in the app that DOES look up an existing patient before creating a new one — proving it works is the direct contrast to the gap in TC-P3B-001.","Positive","receptionist (Hospital A)","None","e2e/phase-03-patient-records/P3C.emergency-newborn.spec.ts",""
"TC-P3C-008","3C Emergency & newborn","P1","Linking an existing patient via search does not create a new patients row","1) Complete TC-P3C-007 (link to Sunita Reddy) 2) Select a triage level 3) Click Register & Triage 4) Query patients for full_name = ""Sunita Reddy"" in Supabase Route: /emergency","Exactly one patients row exists for Sunita Reddy (PT-QA-0002) — the ED visit attaches patient_id to the existing record, no new row is inserted.","","PT-QA-0002","","None","","","","","P3-S03","Confirms the linked path genuinely reuses the existing UHID rather than silently also inserting a duplicate underneath the link.","Negative","receptionist (Hospital A)","patients where hospital_id = A and uhid = 'PT-QA-0002' → exactly 1 row; ed_visits where patient_id = (PT-QA-0002's id) → new row exists","e2e/phase-03-patient-records/P3C.emergency-newborn.spec.ts",""
"TC-P3C-009","3C Emergency & newborn","P2","A new emergency patient uses the same UHID series as staff registration, not a separate scheme","1) Complete TC-P3C-001 (Unknown patient, no link) 2) Read the created patient's uhid in Supabase Route: /emergency","The UHID follows the hospital's standard <uhid_prefix>-<date>-<seq> format from the next_seq RPC — the same generatePatientUhid() used by /patients — NOT a separate scheme.","","None","","None","","","","","P3-S03","This is the positive contrast to the kiosk's separate 'K'-prefixed series (TC-P3E-003) — Emergency Registration gets this right and the comparison shows it is achievable everywhere.","Positive","receptionist (Hospital A)","patients where hospital_id = A and full_name = 'Unknown' → uhid matches hospitals.uhid_prefix format","e2e/phase-03-patient-records/P3C.emergency-newborn.spec.ts",""
"TC-P3C-010","3C Emergency & newborn","P2","Medico-Legal Case checkbox links the ED visit for MLC follow-up","1) Open Emergency Registration 2) Enter phase3.emergency.mlcName as the Patient Name and phase3.emergency.mlcComplaint as the complaint 3) Tick ""Medico-Legal Case?"" 4) Select a triage level 5) Click Register & Triage Route: /emergency","The ed_visits row saves with mlc = true, and (per the app) an MLC details modal opens automatically referencing this visit.","","phase3.emergency.mlcName, phase3.emergency.mlcComplaint","MLC/Mortuary","None","","","","","P3-S03","An assault or accident case flagged MLC has statutory police-reporting obligations — if the flag does not persist, the legal reporting step is silently skipped.","Positive","receptionist (Hospital A)","ed_visits where hospital_id = A and chief_complaint = 'Assault injury, police case' → mlc = true","e2e/phase-03-patient-records/P3C.emergency-newborn.spec.ts",""
"TC-P3C-011","3C Emergency & newborn","P2","Newborn registration — ""B/O <mother>"" is created as an ordinary new patient record","1) Open /patients 2) Click ""Register New Patient"" 3) Enter phase3.newborn.fullName as Full Name 4) Set DOB to today, Gender male 5) Tick DPDP consent 6) Save","The baby saves as a normal patients row with its own UHID — there is no dedicated newborn flow, so the name and mother-linkage are entirely manual conventions, not enforced by the app.","","phase3.newborn.fullName — ""B/O Kavya Prasad""","IPD (Phase 7)","None","","","","","P3-S04","Confirms exactly what a newborn registration can and cannot rely on today: a correctly-shaped patient row, but zero system support for the naming convention or the mother link.","Positive","hospital_admin (Hospital A)","patients where hospital_id = A and full_name = 'B/O Kavya Prasad' → row exists, dob = today, gender = 'male'","e2e/phase-03-patient-records/P3C.emergency-newborn.spec.ts",""
"TC-P3C-012","3C Emergency & newborn","P2","The Neonatal Sheet has no field anywhere to set mother_patient_id","1) (Code-level / manual review, per the note below) Open the Neonatal Sheet for an admitted baby patient from the IPD or OPD workspace 2) Inspect every field on the sheet","neonatal_records.mother_patient_id exists in the schema but no control on the Neonatal Sheet reads or writes it — the mother link can only ever be set directly in the database.","","None","IPD","An IPD admission or OPD encounter for the baby (Phase 7 territory)","","","","","P3-S04","A NABH assessor tracing a newborn record back to its mother via the system would find no link — it exists only if someone manually wrote it into the database, which QA cannot verify happens in practice.","Negative","hospital_admin (Hospital A)","information_schema.columns where table_name = 'neonatal_records' and column_name = 'mother_patient_id' → column exists; no UI writes to it","",""
"TC-P3C-013","3C Emergency & newborn","P2","The newborn's DOB defaults to today and represents a 0-day-old","1) Complete TC-P3C-011 2) Open the saved baby patient in the registry and read the displayed age Route: /patients","The patient list shows the baby's age as ""0y"" (or equivalent same-day age), computed correctly from a DOB of today rather than throwing a negative or NaN age.","","phase3.newborn.fullName","","None","","","","","P3-S04","A broken age calculation for a 0-day-old would misfire every age-gated safety check (paediatric dosing, adult-only screens) for every newborn in the system.","Boundary","hospital_admin (Hospital A)","None","e2e/phase-03-patient-records/P3C.emergency-newborn.spec.ts",""
"TC-P3D-001","3D ABHA / ABDM","P2","The ABHA Verify button returns a sandbox format-valid result for a syntactically valid ABHA number","1) Open ""Register New Patient"" 2) Type phase3.abha.sandboxValid (14 digits) into the ABHA ID field 3) Click Verify Route: /patients","A ""Format Valid (Sandbox)"" amber badge appears — the abdm-abha-verify function falls back to sandbox_format_only mode when no live ABDM credentials are configured.","","phase3.abha.sandboxValid","ABDM","None (sandbox mode is the default without ABDM credentials configured)","","","","","P3-S05","Most hospitals go live before their ABDM HIP credentials are approved — the sandbox fallback must give staff a usable signal rather than a hard error.","Positive","hospital_admin (Hospital A)","None","e2e/phase-03-patient-records/P3D.abha.spec.ts",""
"TC-P3D-002","3D ABHA / ABDM","P2","An ABHA number of the wrong length is rejected as invalid","1) Open ""Register New Patient"" 2) Type phase3.abha.tooShort (7 digits) into ABHA ID 3) Click Verify Route: /patients","A red ""Invalid ABHA"" badge is shown and abhaVerified stays false.","","phase3.abha.tooShort","ABDM","None","","","","","P3-S05","Storing an obviously malformed ABHA number as ""verified"" would poison every later ABDM health-record-sharing attempt for this patient.","Negative","hospital_admin (Hospital A)","None","e2e/phase-03-patient-records/P3D.abha.spec.ts",""
"TC-P3D-003","3D ABHA / ABDM","P1","A sandbox-verified ABHA number is stored with abha_verified true and a timestamp","1) Register a new patient (reuse phase3.registration.full with a fresh name if already used) entering phase3.abha.sandboxValid as ABHA ID and clicking Verify before saving 2) Tick DPDP consent 3) Save Route: /patients","The saved patients row has abha_id = the entered number, abha_verified = true, and abha_verified_at populated with a timestamp.","","phase3.registration.full, phase3.abha.sandboxValid","ABDM","None","","","","","P3-S05","ABDM health-record-sharing consent and eligibility both key off abha_verified — if it never gets set true, this patient can never use ABDM features even with a valid ABHA number.","Positive","hospital_admin (Hospital A)","patients where hospital_id = A and abha_id = '12345678901234' → abha_verified = true, abha_verified_at not null","e2e/phase-03-patient-records/P3D.abha.spec.ts",""
"TC-P3D-004","3D ABHA / ABDM","P2","abdm-abha-verify supports a connectivity ping without needing a patient","1) As an authenticated hospital_admin session, call supabase.functions.invoke('abdm-abha-verify', { body: { mode: 'ping' } }) from the test","The function returns a response without error, confirming the edge function is reachable independent of any specific ABHA number or patient context.","","None","ABDM","None","","","","","P3-S05","A platform-level health check for the ABDM integration must exist separately from patient-specific verification, so an outage can be detected before a receptionist hits it mid-registration.","Positive","hospital_admin (Hospital A)","None","e2e/phase-03-patient-records/P3D.abha.spec.ts",""
"TC-P3D-005","3D ABHA / ABDM","P1","FINDING: the ABHA verify+consent+link UI (verbal-consent checkbox gating the Link button) has no live entry point in the running app","MANUAL/CODE-INSPECTION ONLY: 1) grep -r ""editPatient="" src/ — confirms zero usages, so PatientRegistrationModal is never opened in edit mode by anything 2) Read PatientSummaryPage.tsx's ABHA tab — it mounts ABHASearchPanel only when patient.abha_id is already set (showing only Unlink), and mounts a DIFFERENT component (ABHARegistrationPanel) when abha_id is null File: src/components/patients/PatientRegistrationModal.tsx","ABHASearchPanel.tsx supports a ""type an ABHA number → Verify → tick verbal consent → Link"" flow for a NOT-yet-linked patient, but no live page ever renders it in that state — the flow is unreachable through the running application.","","None","ABDM","None","","","","","P3-S06","A consent-gated linking flow that cannot actually be reached means front-desk staff have no in-app way to link an ABHA number to an existing patient with logged verbal consent at all — they would have to use the (also broken, per TC-P3D-009/010) Aadhaar/mobile-OTP creation wizard instead, or the link never happens.","Negative","hospital_admin (Hospital A)","None — see TC-P3D-008 for the live-Playwright confirmation that neither reachable surface renders this panel","",""
"TC-P3D-006","3D ABHA / ABDM","P1","FINDING: because the Link UI is unreachable (TC-P3D-005), no abdm_consent_logs ""linking"" row can ever be written through the live app for a fresh link","MANUAL/CODE-INSPECTION ONLY: 1) Confirm (per TC-P3D-005) that ABHASearchPanel's Link button — the only code path that inserts an abdm_consent_logs row with consent_type ""linking"" and consent_given true — is never reachable for a not-yet-linked patient File: src/components/patients/ABHASearchPanel.tsx","abdm_consent_logs never receives a fresh ""linking, consent_given=true"" row through the live UI — only the pre-seeded / directly-written case (see TC-P3D-007, which seeds abha_id via the service-role client to test Unlink) can exist in this table.","","None","ABDM","None","","","","","P3-S06","The consent-log table exists specifically so a NABH/DPDP audit can prove verbal consent was obtained before ABDM sharing began — if no live path ever writes a fresh ""linking"" row, that audit trail can never actually be populated by real staff activity.","Negative","hospital_admin (Hospital A)","None — see TC-P3D-005","",""
"TC-P3D-007","3D ABHA / ABDM","P2","Unlinking a linked ABHA clears patients.abha_id and logs a consent_given=false row","1) Seed patients.abha_id = phase3.abha.sandboxValid directly on PT-QA-0002 via the service-role client (bypassing the unreachable Link UI, per TC-P3D-005) 2) Open /patients/<PT-QA-0002 id>/summary 3) Click the ABHA tab 4) Click ""Unlink"", then ""Yes, Unlink"" Route: /patients","patients.abha_id and abha_verified both clear to null/false, and a new abdm_consent_logs row is written with consent_given = false documenting the withdrawal.","","PT-QA-0002, phase3.abha.sandboxValid","ABDM","None","","","","","P3-S06","A patient can withdraw ABDM sharing consent at any time under DPDP Act 2023 — the withdrawal itself must be as auditable as the original grant, regardless of how the original link was created.","Positive","hospital_admin (Hospital A)","patients where uhid = 'PT-QA-0002' → abha_id is null; abdm_consent_logs where patient_id = (that id) and consent_given = false → newest row","e2e/phase-03-patient-records/P3D.abha.spec.ts",""
"TC-P3D-008","3D ABHA / ABDM","P2","The ABHA verify+consent+link panel is reachable from neither the registration form nor the patient edit drawer","1) Open /patients 2) Click ""Register New Patient"" — confirm the ""ABHA Linking & Consent"" panel is absent (only the inline Verify button exists) 3) Close the form 4) Open PT-QA-0002 and click its pencil ""Edit Patient"" icon in the detail drawer 5) Confirm the same panel is absent there too Route: /patients","Neither reachable edit/registration surface in the app renders the ""ABHA Linking & Consent"" panel with its verbal-consent checkbox and consent history — confirming Finding #6 live, not just via grep.","","None","ABDM","None","","","","","P3-S05","Explains to future testers why an ABHA number entered at first registration is verified but has no abdm_consent_logs row (TC-P3D-003 vs TC-P3D-006) — the panel that would create one is unreachable everywhere, by design gap rather than by test coverage gap.","Negative","hospital_admin (Hospital A)","patients where hospital_id = A → no new row (this case only inspects open forms, it never submits)","e2e/phase-03-patient-records/P3D.abha.spec.ts",""
"TC-P3D-009","3D ABHA / ABDM","P2","Creating a new ABHA via Aadhaar OTP is not automatable","MANUAL ONLY: 1) Open ABHA creation via Aadhaar for a patient with no existing ABHA 2) Enter a real Aadhaar number 3) Receive and enter the live Aadhaar OTP 4) Confirm ABHA address creation Route: /patients (ABHA panel)","A new ABHA number and address are issued via NHA's live enrolByAadhaar/validateByAadhaar APIs and linked to the patient.","","None — requires a real Aadhaar number and live OTP, which cannot be scripted","ABDM","Live ABDM sandbox credentials configured","","","","","P3-S06","Automating this would require a real Aadhaar-linked mobile to receive a live OTP — scripting it would test a mock, not the thing that actually breaks in production.","Positive","hospital_admin (Hospital A)","patients where id = (test patient) → abha_id populated after manual run","",""
"TC-P3D-010","3D ABHA / ABDM","P2","Creating a new ABHA via mobile OTP is not automatable","MANUAL ONLY: 1) Open ABHA creation via mobile number for a patient with no existing ABHA 2) Enter a real mobile number 3) Receive and enter the live mobile OTP 4) Confirm ABHA address creation Route: /patients (ABHA panel)","A new ABHA number and address are issued via NHA's live enrolByMobile/validateByMobile APIs and linked to the patient.","","None — requires a real mobile number and live OTP","ABDM","Live ABDM sandbox credentials configured","","","","","P3-S06","Same reasoning as TC-P3D-009 — a live OTP to a real phone cannot be scripted without testing a mock rather than the production path.","Positive","hospital_admin (Hospital A)","None","",""
"TC-P3E-001","3E Kiosk","P2","Kiosk landing loads for a valid hospital id","1) Open /kiosk?h=Hospital A's id (Supabase: hospitals where name = 'Aarogya Multispecialty Hospital') in a fresh browser tab (no login required)","The kiosk home screen renders with the hospital name in the header and options for existing/new patient check-in.","","None","","None","","","","","P3-S07","The kiosk is unauthenticated self-service hardware in the lobby — if the landing screen fails to load, the device is useless all day with no staff alerted.","Positive","Logged out (kiosk device)","None","e2e/phase-03-patient-records/P3E.kiosk.spec.ts",""
"TC-P3E-002","3E Kiosk","P1","New Patient registration requires name, 10-digit phone, gender and department","1) Open /kiosk/register?h=Hospital A's id (Supabase: hospitals where name = 'Aarogya Multispecialty Hospital') 2) Leave Full Name blank, fill nothing else 3) Tap Next","An on-screen error (""Please fill all required fields"" / ""Name is required"") blocks progress; the same happens if phone is under 10 digits or gender is unset, and department is unset on step 2.","","None","","At least one active clinical department configured","","","","","P3-S07","A kiosk registration missing a department cannot raise a valid OPD token — the patient would be stuck at the kiosk with no queue position.","Negative","Logged out (kiosk device)","None","e2e/phase-03-patient-records/P3E.kiosk.spec.ts",""
"TC-P3E-003","3E Kiosk","P1","A kiosk-issued UHID does NOT follow the hospital's configured UHID prefix/format","1) Open /kiosk/register?h=Hospital A's id (Supabase: hospitals where name = 'Aarogya Multispecialty Hospital') 2) Complete New Patient registration with phase3.kiosk.newPatient 3) Read the printed token's UHID","CURRENT APP BEHAVIOUR (a defect): the UHID is `K<8-digit timestamp>` — it ignores hospitals.uhid_prefix/uhid_date_format entirely and does not use the next_seq RPC used by every other registration path.","","phase3.kiosk.newPatient","","None","","","","","P3-S07","A UHID series that does not match the hospital's configured format is confusing on printed slips and — because it is a raw millisecond timestamp with no server-side atomic sequence — carries a theoretical collision risk under simultaneous kiosk submissions.","Negative","Logged out (kiosk device)","patients where hospital_id = A and full_name = 'Suman Ghosh' → uhid starts with 'K', not with hospitals.uhid_prefix","e2e/phase-03-patient-records/P3E.kiosk.spec.ts",""
"TC-P3E-004","3E Kiosk","P1","A kiosk new-patient registration creates a patients row and an opd_token in one flow","1) Open /kiosk/register?h=Hospital A's id (Supabase: hospitals where name = 'Aarogya Multispecialty Hospital') 2) Complete registration with phase3.kiosk.newPatient, selecting any active department 3) Reach the token receipt screen","A patients row and a matching opd_tokens row both exist, linked by patient_id, with the token visible for the patient to be called.","","phase3.kiosk.newPatient","OPD","At least one active clinical department","","","","","P3-S07","If either half of this two-table write fails silently, the patient either has no queue position or a token pointing at nobody.","Positive","Logged out (kiosk device)","patients where hospital_id = A and full_name = 'Suman Ghosh' → row exists; opd_tokens where patient_id = (that id) and visit_date = today → row exists","e2e/phase-03-patient-records/P3E.kiosk.spec.ts",""
"TC-P3E-005","3E Kiosk","P1","Registering the same phone number twice via ""New Patient"" creates two separate patient rows","1) Complete TC-P3E-004 2) Return to /kiosk?h=Hospital A's id (Supabase: hospitals where name = 'Aarogya Multispecialty Hospital') and register a New Patient again using the SAME phase3.kiosk.newPatient phone but a slightly different name","CURRENT APP BEHAVIOUR (a defect): the second registration succeeds with no phone lookup or warning, creating a second patients row for the same phone number — unlike mode=existing, which does search first.","","phase3.kiosk.newPatient.phone","","None","","","","","P3-S07","A returning patient who taps ""New Patient"" by mistake — the natural choice for someone unfamiliar with the kiosk — silently forks their record exactly like the front-desk gap in Section 3B.","Negative","Logged out (kiosk device)","patients where hospital_id = A and phone = '9876555020' → count = 2","e2e/phase-03-patient-records/P3E.kiosk.spec.ts",""
"TC-P3E-006","3E Kiosk","P1","Existing-patient check-in DOES search by phone before showing any tokens","1) Open /kiosk/checkin?h=Hospital A's id (Supabase: hospitals where name = 'Aarogya Multispecialty Hospital') 2) Enter PT-QA-0002's phone (9876500002) 3) Enter the on-screen simulation OTP 4) Observe the result","The kiosk looks up patients by phone (is_active = true, ilike match) BEFORE showing anything — this is the positive contrast to New Patient mode's total absence of a lookup.","","PT-QA-0002 phone 9876500002","","None","","","","","P3-S07","Confirms the existing-patient path was built correctly, which makes the New Patient path's missing lookup (TC-P3E-005) a genuine inconsistency rather than a deliberate design choice.","Positive","Logged out (kiosk device)","None","e2e/phase-03-patient-records/P3E.kiosk.spec.ts",""
"TC-P3E-007","3E Kiosk","P2","Existing-patient check-in with an unregistered phone shows an explicit message rather than silently creating a patient","1) Open /kiosk/checkin?h=Hospital A's id (Supabase: hospitals where name = 'Aarogya Multispecialty Hospital') 2) Enter a phone number with no matching patient (any unused 10-digit number) 3) Enter the on-screen simulation OTP","""No patient registered with this number. Please use 'New Patient' instead."" is shown, and no patients row is created for that phone.","","None (an unused 10-digit number)","","None","","","","","P3-S07","Silently auto-creating a patient from an unrecognised phone at check-in would bypass every field the New Patient flow collects (gender, department).","Positive","Logged out (kiosk device)","None","e2e/phase-03-patient-records/P3E.kiosk.spec.ts",""
"TC-P3E-008","3E Kiosk","P3","The kiosk simulation OTP banner displays a 6-digit code when SMS is not configured","1) Open /kiosk/checkin?h=Hospital A's id (Supabase: hospitals where name = 'Aarogya Multispecialty Hospital') 2) Enter any 10-digit phone 3) Tap Send OTP","A yellow ""Kiosk Mode — OTP"" banner shows a 6-digit code on screen, confirming Supabase Phone Auth is not configured for this QA project and the app has fallen back gracefully rather than hanging.","","None","","None","","","","","P3-S07","Documents the current QA-environment behaviour so a tester doesn't mistake the visible OTP for a security bug specific to this build — it is the documented fallback in the component's own header comment.","Positive","Logged out (kiosk device)","None","e2e/phase-03-patient-records/P3E.kiosk.spec.ts",""
"TC-P3E-009","3E Kiosk","P2","An incorrect OTP is rejected at the kiosk","1) Open /kiosk/checkin?h=Hospital A's id (Supabase: hospitals where name = 'Aarogya Multispecialty Hospital') 2) Enter any 10-digit phone and tap Send OTP 3) Note the displayed simulation code 4) Enter phase3.kiosk.wrongOtp (000000) instead","""Incorrect OTP. Please check and try again."" is shown and the flow does not advance to the tokens screen.","","phase3.kiosk.wrongOtp","","None","","","","","P3-S07","Even in kiosk-simulation mode, the OTP comparison must actually gate access — an OTP screen that accepts any input defeats the purpose of the identity check entirely.","Negative","Logged out (kiosk device)","None","e2e/phase-03-patient-records/P3E.kiosk.spec.ts",""
"TC-P3E-010","3E Kiosk","P2","The kiosk token receipt shows the correct department and token number after check-in","1) Complete TC-P3E-004 (new-patient registration with a chosen department) 2) Read the token receipt screen Route: /kiosk/register","The receipt shows the same department selected during registration and a token number matching the opd_tokens row created (generate_token_number RPC).","","phase3.kiosk.newPatient","OPD","None","","","","","P3-S07","A receipt showing the wrong department sends the patient to sit in the wrong doctor's waiting area.","Positive","Logged out (kiosk device)","opd_tokens where patient_id = (Suman Ghosh's id) → department_id matches the one selected on screen","e2e/phase-03-patient-records/P3E.kiosk.spec.ts",""
"TC-P3F-001","3F Patient portal","P1","A single-match email lands directly on the portal dashboard","1) In Supabase, set patients.email = phase3.portal.singleMatchEmail on PT-QA-0002 2) Mint a magic-link session for that email via the service-role admin.generateLink() and open it in the browser 3) Observe the landing page Route: /portal","The session activates immediately and redirects to /portal/dashboard showing Sunita Reddy's (PT-QA-0002) name and UHID — no profile picker or create-profile screen appears for a single unambiguous match.","","phase3.portal.singleMatchEmail, PT-QA-0002","","Email OTP enabled in Supabase Auth (see header comment in PatientPortalLogin.tsx)","","","","","P3-S08","This is the everyday path most patients take — if it breaks, the portal is unusable for the majority of logins, not just an edge case.","Positive","Patient portal (own session)","None","e2e/phase-03-patient-records/P3F.portal.spec.ts",""
"TC-P3F-002","3F Patient portal","P1","A portal session can see its own bills but not another patient's","1) Complete TC-P3F-001 to log in as PT-QA-0002 2) Open /portal/bills 3) Separately, as the service-role client, query bills for a different Hospital A patient (e.g. PT-QA-0001) 4) Compare","/portal/bills shows only PT-QA-0002's own bills. This test resolves the RLS question raised during code review: does an OTP-authenticated patient session (which has no row in the `users` table, so get_user_hospital_id() returns NULL) see its own data correctly, or does the same NULL-returning RLS policy silently return zero rows for everyone?","","PT-QA-0002","Billing","PT-QA-0002 has at least one bill (seed data or Phase 8 fixture)","","","","","P3-S08","If the portal shows an empty bills page for a genuine patient session, that is a silent functional bug hiding behind what looks like 'no bills yet' — patients would believe the hospital lost their billing history.","Negative","Patient portal (own session)","None","e2e/phase-03-patient-records/P3F.portal.spec.ts",""
"TC-P3F-003","3F Patient portal","P1","A portal session can see its own lab/radiology reports but not another patient's","1) Log in to the portal as PT-QA-0002 2) Open /portal/reports","The reports page loads and, if PT-QA-0002 has resulted lab orders, shows them; it never shows a report belonging to a different patient_id.","","PT-QA-0002","Lab","None","","","","","P3-S08","A reports page that leaks another patient's results is a direct DPDP Act 2023 breach, not a cosmetic bug.","Negative","Patient portal (own session)","None","e2e/phase-03-patient-records/P3F.portal.spec.ts",""
"TC-P3F-004","3F Patient portal","P2","A portal session shows only its own upcoming appointments","1) Log in to the portal as PT-QA-0002 2) Open /portal/appointments","Only appointments where patient_id equals the logged-in patient appear.","","PT-QA-0002","OPD","None","","","","","P3-S08","Seeing another patient's upcoming appointment slot discloses their visit schedule, a privacy leak even without clinical detail.","Negative","Patient portal (own session)","None","e2e/phase-03-patient-records/P3F.portal.spec.ts",""
"TC-P3F-005","3F Patient portal","P2","An email matching more than one patient record shows a profile picker","1) In Supabase, set patients.email = phase3.portal.multiMatchEmail on BOTH PT-QA-0002 and PT-QA-0003 2) Mint and open a magic-link session for that email Route: /portal","A ""Select Your Profile"" screen lists both matching patients (name, UHID, age, gender) instead of auto-logging into either one.","","phase3.portal.multiMatchEmail, PT-QA-0002, PT-QA-0003","","None","","","","","P3-S08","One shared family email covering a parent and child is common — silently picking the wrong profile would show one patient the other's medical records.","Positive","Patient portal (own session)","None","e2e/phase-03-patient-records/P3F.portal.spec.ts",""
"TC-P3F-006","3F Patient portal","P1","Selecting a profile from the picker logs in as that specific patient only","1) Complete TC-P3F-005 2) Click the PT-QA-0003 (Anitha Menon) card in the picker Route: /portal","The portal activates PT-QA-0003 specifically — the dashboard shows Anitha Menon's name and UHID, not PT-QA-0002's.","","PT-QA-0003","","None","","","","","P3-S08","Confirms the picker's selection actually threads through to the activated session rather than defaulting to the first match regardless of the click.","Positive","Patient portal (own session)","None","e2e/phase-03-patient-records/P3F.portal.spec.ts",""
"TC-P3F-007","3F Patient portal","P2","An email matching zero patient records shows the self-service Create Profile form","1) Mint and open a magic-link session for phase3.portal.noMatchEmail (an email not on any patient record) Route: /portal","""Create Your Profile"" is shown with the logged-in email pre-filled and a Full Name field required to proceed.","","phase3.portal.noMatchEmail","","None","","","","","P3-S08","A genuinely new patient discovering the portal before ever visiting the hospital in person must have a path in — refusing them entirely would just push everyone back to the phone.","Positive","Patient portal (own session)","patients where email = phase3.portal.noMatchEmail → no row exists yet (the profile has not been created, only the form is shown)","e2e/phase-03-patient-records/P3F.portal.spec.ts",""
"TC-P3F-008","3F Patient portal","P2","Self-service profile creation issues a THIRD, distinct UHID series","1) Complete TC-P3F-007 2) Fill Full Name, Gender, DOB, Mobile from phase3.portal.createProfile 3) Click ""Create Profile & Continue"" 4) Read the new patient's uhid in Supabase Route: /portal","CURRENT APP BEHAVIOUR (a defect): the UHID is `PAT-<year>-<6 random base36 chars>` (genUhid() in PatientPortalLogin.tsx) — a THIRD scheme, matching neither the staff registration series nor the kiosk's `K...` series.","","phase3.portal.createProfile, phase3.portal.noMatchEmail","","None","","","","","P3-S08","Three unrelated UHID formats across three registration surfaces make it impossible for a hospital to reason about ""is this a valid UHID"" in a single regex anywhere in reporting, exports or integrations.","Negative","Patient portal (own session)","patients where hospital_id = A and full_name = 'Divakar Reddy' → uhid matches /^PAT-\d{4}-[A-Z0-9]{6}$/","e2e/phase-03-patient-records/P3F.portal.spec.ts",""
"TC-P3F-009","3F Patient portal","P1","A soft-deleted (is_active=false) patient cannot log into the patient portal","1) In Supabase, set patients.is_active = false for PT-QA-0002 (revert after) 2) Set its email to phase3.portal.singleMatchEmail 3) Mint and open a magic-link session for that email Route: /portal","The lookup finds zero matches (findPatients() filters is_active = true) and the portal shows Create Profile — it does NOT log into the deactivated record.","","PT-QA-0002, phase3.portal.singleMatchEmail","","None","","","","","P3-S10","A soft-deleted patient regaining portal access to their own (or a since-reused) record would defeat the entire purpose of the DPDP erasure toggle in Section 3H.","Positive","Patient portal (own session)","patients where uhid = 'PT-QA-0002' → is_active = false throughout","e2e/phase-03-patient-records/P3F.portal.spec.ts",""
"TC-P3F-010","3F Patient portal","P1","A Hospital B patient's portal session cannot see Hospital A data by guessing the URL","1) Log in to the portal as PT-QA-0030 (Rohan Kulkarni, Hospital B) via its own hospital's portal URL 2) With that session active, edit the URL's ?h= query param to Hospital A's id and reload /portal/bills","The session either stays scoped to Hospital B (blank/own data only) or is rejected outright — at no point does swapping the ?h= param expose any Hospital A patient or billing data.","","PT-QA-0030","","None","","","","","P3-S12","The portal's hospital scoping comes from client-side sessionStorage and a URL query param, both of which a user fully controls — this is exactly the shape of parameter a determined patient could tamper with.","Cross-Module","Patient portal (own session, Hospital B)","None","e2e/phase-03-patient-records/P3F.portal.spec.ts",""
"TC-P3G-001","3G Edit & audit trail","P1","Editing a patient's phone via the detail drawer persists the new value","1) Open /patients 2) Click PT-QA-0002 (Sunita Reddy) to open the detail drawer 3) Click the pencil (Edit) icon 4) Change Phone to phase3.edit.newPhone 5) Click Save Changes","A ""Patient details updated"" toast appears and the drawer now shows the new phone number after it re-fetches.","","PT-QA-0002, phase3.edit.newPhone","","None","","","","","P3-S09","A phone correction is the single most common patient-record edit in daily operation — it must actually reach the database, not just the toast.","Positive","hospital_admin (Hospital A)","patients where uhid = 'PT-QA-0002' → phone = '9876599999'","e2e/phase-03-patient-records/P3G.edit-audit.spec.ts",""
"TC-P3G-002","3G Edit & audit trail","P1","Editing a patient's phone writes an audit_log row with old and new values","1) Note the current phone value for PT-QA-0002 before editing 2) Complete TC-P3G-001 3) Query audit_log for table_name = patients, record_id = PT-QA-0002's id, ordered newest first Route: /patients","The newest audit_log row has action = ""UPDATE"", old_values.phone = the previous number, and new_values.phone = ""9876599999"".","","PT-QA-0002","","None","","","","","P3-S09","This is the DPDP/NABH-required PHI change trail — without it, nobody can answer ""who changed this patient's contact details and when"" after the fact.","Positive","hospital_admin (Hospital A)","audit_log where table_name = 'patients' and record_id = (PT-QA-0002 id) → newest row has new_values->>'phone' = '9876599999'","e2e/phase-03-patient-records/P3G.edit-audit.spec.ts",""
"TC-P3G-003","3G Edit & audit trail","P2","The audit_log row records the editing user's id","1) Complete TC-P3G-001 while logged in as hospital_admin 2) Read the newest audit_log row's changed_by column Route: /patients","changed_by equals the hospital_admin's own users.id (via auth.uid()), not null and not another user's id.","","PT-QA-0002","","None","","","","","P3-S09","An audit trail with no reliable ""who"" column cannot support an internal investigation or a NABH evidence request.","Positive","hospital_admin (Hospital A)","audit_log where table_name = 'patients' and record_id = (PT-QA-0002 id) → newest row changed_by is not null","e2e/phase-03-patient-records/P3G.edit-audit.spec.ts",""
"TC-P3G-004","3G Edit & audit trail","P2","Editing via the Register/Edit modal (not the drawer) also persists and audits the change","1) Open PT-QA-0003 (Anitha Menon) via any screen that opens PatientRegistrationModal in edit mode 2) Change the Address field 3) Save Route: /patients","The address updates in the database and a matching audit_log row is written — the same trigger fires regardless of which UI component performed the update.","","PT-QA-0003","","None","","","","","P3-S09","There are two separate edit surfaces in the app (drawer and modal) — this proves the DB-level audit trigger protects both, not just the one exercised in TC-P3G-001/002.","Positive","hospital_admin (Hospital A)","audit_log where table_name = 'patients' and record_id = (PT-QA-0003 id) → newest row reflects the address change","e2e/phase-03-patient-records/P3G.edit-audit.spec.ts",""
"TC-P3G-005","3G Edit & audit trail","P3","A no-op edit (Save with nothing changed) still writes an audit_log row","1) Open PT-QA-0004's edit form 2) Change nothing 3) Click Save Changes Route: /patients","The UPDATE still executes (Postgres fires row triggers on UPDATE even with identical values), so a new audit_log row appears with old_values equal to new_values.","","PT-QA-0004","","None","","","","","P3-S09","Documents that the audit trail cannot be used to infer 'a real change happened' on its own — a no-op save still produces a row, which matters for anyone reading the log later.","Boundary","hospital_admin (Hospital A)","audit_log where table_name = 'patients' and record_id = (PT-QA-0004 id) → a new row appears with old_values = new_values","e2e/phase-03-patient-records/P3G.edit-audit.spec.ts",""
"TC-P3G-006","3G Edit & audit trail","P2","Phone edit rejects a value that is not exactly 10 digits","1) Open PT-QA-0002's edit form 2) Change Phone to phase3.edit.invalidPhone (5 digits) 3) Click Save Changes Route: /patients","""Phone must be exactly 10 digits"" is shown and the save is blocked — the stored phone is unchanged.","","PT-QA-0002, phase3.edit.invalidPhone","","None","","","","","P3-S09","The same validation that protects registration must also protect edits — otherwise a malformed number can only get INTO the system via an edit, not registration, and still cause the same downstream SMS failures.","Negative","hospital_admin (Hospital A)","patients where uhid = 'PT-QA-0002' → phone unchanged from before this test","e2e/phase-03-patient-records/P3G.edit-audit.spec.ts",""
"TC-P3G-007","3G Edit & audit trail","P1","Full name cannot be cleared to empty on edit","1) Open PT-QA-0002's edit form 2) Clear the Full Name field entirely 3) Click Save Changes Route: /patients","""Patient name is required"" is shown and the save is blocked.","","PT-QA-0002","","None","","","","","P3-S09","A blanked-out name on an existing, active patient with real history attached would be far more damaging than rejecting one at registration — every existing bill, order and chart entry becomes unattributed.","Negative","hospital_admin (Hospital A)","patients where uhid = 'PT-QA-0002' → full_name still 'Sunita Reddy'","e2e/phase-03-patient-records/P3G.edit-audit.spec.ts",""
"TC-P3G-008","3G Edit & audit trail","P2","A receptionist can edit patient demographic details","1) Log in as receptionist (Hospital A) 2) Open PT-QA-0005 and edit the Address field 3) Save Route: /patients","The edit succeeds — the receptionist role is the one that routinely corrects contact details at the front desk.","","PT-QA-0005","","Roles & Permissions: receptionist has edit access on patients","","","","","P3-S09","If only hospital_admin can fix a mistyped address, every correction queues up behind an administrator who is rarely at the front desk.","RBAC","receptionist (Hospital A)","patients where uhid = 'PT-QA-0005' → address reflects the edit","e2e/phase-03-patient-records/P3G.edit-audit.spec.ts",""
"TC-P3G-009","3G Edit & audit trail","P3","FHIR R4 export downloads a bundle containing the current patient details","1) Open PT-QA-0002's detail drawer 2) Click ""Export FHIR R4"" Route: /patients","A JSON file downloads containing a FHIR bundle with a Patient resource matching PT-QA-0002's current name and identifiers, plus Encounter/Condition resources.","","PT-QA-0002","ABDM","None","","","","","P3-S09","This export is the mechanism by which a patient's record leaves this hospital for ABDM health-record sharing — if it silently fails or contains stale data, the receiving facility gets a wrong picture.","Cross-Module","hospital_admin (Hospital A)","None","e2e/phase-03-patient-records/P3G.edit-audit.spec.ts",""
"TC-P3H-001","3H Soft-delete / erasure","P1","Deleting a patient sets is_active=false rather than removing the row","1) Register a disposable test patient (reuse phase3.registration.receptionistEntry with a fresh phone if already used) with no admissions or bills 2) Open its detail drawer 3) Click the trash icon 4) Confirm ""Delete Patient"" in the dialog Route: /patients","A ""Patient removed from active records"" toast appears; the patients row still exists in the database with is_active = false — it is never actually deleted.","","phase3.registration.receptionistEntry","","None","","","","","P3-S10","This is the whole premise DPDP-erasure testing rests on — every other case in this section only makes sense if delete really is soft.","Positive","hospital_admin (Hospital A)","patients where full_name = 'Farida Sheikh' → row still exists, is_active = false","e2e/phase-03-patient-records/P3H.soft-delete.spec.ts",""
"TC-P3H-002","3H Soft-delete / erasure","P1","A soft-deleted patient is excluded from the default patient list","1) Complete TC-P3H-001 2) Open /patients with ""Show Inactive"" left OFF","The deleted patient does not appear anywhere in the list or the total-count badge.","","None (uses the patient from TC-P3H-001)","","None","","","","","P3-S10","A deactivated patient still showing in the daily working list would let staff keep booking appointments against a record the hospital believes it removed.","Positive","hospital_admin (Hospital A)","None","e2e/phase-03-patient-records/P3H.soft-delete.spec.ts",""
"TC-P3H-003","3H Soft-delete / erasure","P2","A soft-deleted patient reappears when ""Show Inactive"" is toggled on","1) With the patient from TC-P3H-001 still deleted, open /patients 2) Click ""Show Inactive""","The patient reappears in the list, greyed out, with an ""Inactive"" badge next to the name.","","None","","None","","","","","P3-S10","Historical/audit access to a deactivated record must remain possible — DPDP soft-delete is about hiding from routine work, not making the record unfindable to authorised staff.","Positive","hospital_admin (Hospital A)","None","e2e/phase-03-patient-records/P3H.soft-delete.spec.ts",""
"TC-P3H-004","3H Soft-delete / erasure","P1","A soft-deleted patient is excluded from name/phone/UHID search by default","1) With ""Show Inactive"" OFF, search /patients for the deleted patient's exact name or UHID","No results are returned — search respects the same is_active filter as the base list.","","None","","None","","","","","P3-S10","DPDP erasure explicitly requires exclusion from ""all searches"" — a search box that bypasses the list filter would undermine the whole feature.","Negative","hospital_admin (Hospital A)","None","e2e/phase-03-patient-records/P3H.soft-delete.spec.ts",""
"TC-P3H-005","3H Soft-delete / erasure","P1","Delete is blocked for a patient with an active (non-discharged) admission","1) Identify a Hospital A patient with an admissions row where status != ""discharged"" (or create one if Phase 7 fixtures exist) 2) Attempt to delete that patient Route: /patients","""Cannot delete patient with active admissions. Please discharge first."" is shown in the confirmation dialog and is_active stays true.","","A patient with an active admission (Phase 7 fixture, or skip with a named reason if none exists yet)","IPD","None","","","","","P3-S10","Soft-deleting a currently-admitted patient would strand every nursing/billing screen that is actively working their stay.","Negative","hospital_admin (Hospital A)","admissions where patient_id = (that patient) and status != discharged → still exists; patients.is_active still true","e2e/phase-03-patient-records/P3H.soft-delete.spec.ts",""
"TC-P3H-006","3H Soft-delete / erasure","P1","Delete is blocked for a patient with an unpaid bill","1) Identify a Hospital A patient with a bills row where payment_status is not in (paid, cancelled, or a refund status) 2) Attempt to delete that patient Route: /patients","""Cannot delete patient with unpaid bills. Please settle bills first."" is shown and is_active stays true.","","A patient with an unpaid bill (Phase 8 fixture, or skip with a named reason if none exists yet)","Billing","None","","","","","P3-S10","Deactivating a patient who still owes money would make that receivable invisible on every collections and ageing report.","Negative","hospital_admin (Hospital A)","bills where patient_id = (that patient) and payment_status not in (paid,cancelled,...) → still exists; patients.is_active still true","e2e/phase-03-patient-records/P3H.soft-delete.spec.ts",""
"TC-P3H-007","3H Soft-delete / erasure","P2","Delete is allowed for a patient whose only bills are paid or cancelled","1) Use the disposable test patient from TC-P3H-001, which has zero bills (vacuously satisfies ""no unpaid bills"") 2) Confirm the delete succeeds (already proven) 3) As a positive control, note no ""unpaid bills"" error appeared Route: /patients","Delete completes without the unpaid-bills guard firing, confirming the guard is scoped to genuinely unpaid bills and does not block a clean record.","","None","Billing","None","","","","","P3-S10","Without this contrast case, TC-P3H-006 alone can't distinguish 'the guard correctly blocks unpaid bills' from 'the guard blocks every delete, unpaid or not.'","Positive","hospital_admin (Hospital A)","patients where full_name = phase3.registration.receptionistEntry.fullName → is_active = false, confirming TC-P3H-001's delete went through uncontested","e2e/phase-03-patient-records/P3H.soft-delete.spec.ts",""
"TC-P3H-008","3H Soft-delete / erasure","P2","The delete confirmation dialog names the specific patient before proceeding","1) Open any patient's detail drawer 2) Click the trash icon Route: /patients","The confirmation dialog title reads ""Delete <that patient's full name>?"" — not a generic ""Delete this patient?"" with no name.","","PT-QA-0006","","None","","","","","P3-S10","A generic confirmation on a list where staff click quickly between rows is how the wrong patient gets deactivated by mistake.","Positive","hospital_admin (Hospital A)","patients where uhid = 'PT-QA-0006' → is_active still true (the dialog was cancelled, not confirmed)","e2e/phase-03-patient-records/P3H.soft-delete.spec.ts",""
"TC-P3H-009","3H Soft-delete / erasure","P1","A soft-deleted patient cannot log into the patient portal","1) With the patient from TC-P3H-001 deactivated, set its email to a test address and attempt a portal login for that email Route: /portal","findPatients() filters is_active = true, so the lookup returns zero matches and the portal shows Create Profile rather than logging into the deactivated record — same assertion as TC-P3F-009, re-run from the erasure angle.","","None (uses the patient from TC-P3H-001)","Portal","None","","","","","P3-S10","A DPDP erasure that still permits the person to authenticate into their own hidden record is not erasure in any meaningful sense.","Positive","Patient portal (own session)","None","e2e/phase-03-patient-records/P3H.soft-delete.spec.ts",""
"TC-P3H-010","3H Soft-delete / erasure","P2","Reactivating a soft-deleted patient is not offered anywhere in the Patients UI","1) With the patient from TC-P3H-001 deactivated and visible via ""Show Inactive"", inspect every button/action available on that row and in its detail drawer","CURRENT APP BEHAVIOUR (a gap): unlike Departments (which offer both Deactivate and Activate), the Patients screens offer no Reactivate/Undo control anywhere — is_active can only ever be flipped false from the UI, never back to true.","","None","","None","","","","","P3-S10","A patient deactivated by mistake (or whose erasure request is later withdrawn) has no UI path back to active status — someone must edit the database directly, which is inconsistent with how every other soft-delete in this app works.","Negative","hospital_admin (Hospital A)","None","e2e/phase-03-patient-records/P3H.soft-delete.spec.ts",""
"TC-P3H-011","3H Soft-delete / erasure","P2","No true per-patient DPDP erasure exists — the erasure-request table has no patient_id column","1) In Supabase, inspect the columns of data_erasure_requests Query columns from data_erasure_requests.","The table has hospital_id, requested_by, reason, status, reviewed_by, reviewed_at, admin_notes — no patient_id column anywhere. The only ""erasure"" mechanism reachable from the Patients screens is the is_active soft-delete toggle; a genuine per-patient PHI-erasure request can only be filed at the whole-hospital level from Settings → Backup, reviewed manually by the platform team.","","None","","None","","","","","P3-S10","A hospital telling a patient ""we have erased your data"" under a DPDP request today can only truthfully mean ""we hid your record from search,"" not that anything was actually erased — this needs to be understood before go-live, not discovered during a real DPDP complaint.","Negative","hospital_admin (Hospital A)","information_schema.columns where table_name = 'data_erasure_requests' → no column named patient_id","e2e/phase-03-patient-records/P3H.soft-delete.spec.ts",""
"TC-P3I-001","3I Documents","P1","Uploading a supported image document succeeds and creates a patient_documents row","1) Open PT-QA-0002's detail drawer 2) Scroll to Documents 3) Click the upload zone and choose a small PNG (e.g. phase3.documents.sampleFileName, generated in-test) 4) Click ""Upload & Analyse"" Route: /patients","""Document uploaded successfully"" toast appears and the document is listed with its type badge and upload date.","","phase3.documents.sampleFileName","","None","","","","","P3-S11","Scanned Aadhaar cards and insurance documents are the paperless-registration promise of this screen — if the upload silently fails, staff fall back to physical photocopies.","Positive","hospital_admin (Hospital A)","patient_documents where patient_id = (PT-QA-0002 id) and document_name like '%aadhaar-sample-qa%' → row exists","e2e/phase-03-patient-records/P3I.documents.spec.ts",""
"TC-P3I-002","3I Documents","P1","The uploaded file is stored under a hospital_id/patient_id-scoped path","1) Complete TC-P3I-001 2) In Supabase Storage, open the patient-documents bucket and locate the uploaded object Route: /patients","The object's path is `<hospital_id>/<patient_id>/<timestamp>_<filename>` — never a flat filename with no tenant/patient prefix.","","None","","None","","","","","P3-S11","The bucket's own RLS policy keys off the first path segment being the caller's hospital_id — a document stored under the wrong path shape would be invisible (or worse, visible to the wrong tenant) regardless of the patient_documents row being correct.","Positive","hospital_admin (Hospital A)","patient_documents where patient_id = (PT-QA-0002 id) → file_url starts with the Hospital A id","e2e/phase-03-patient-records/P3I.documents.spec.ts",""
"TC-P3I-003","3I Documents","P2","A file larger than 15MB is rejected client-side before upload","1) Open PT-QA-0002's Documents section 2) Select a file over 15MB (generated in-test as a 16MB buffer) Route: /patients","""File too large — Maximum 15MB allowed"" toast appears and no upload request is sent.","","None (16MB buffer generated at runtime)","","None","","","","","P3-S11","An oversized upload that is only rejected server-side would waste bandwidth and time on the exact slow hospital networks this limit is meant to protect.","Negative","hospital_admin (Hospital A)","patient_documents where patient_id = (PT-QA-0002 id) → count unchanged from before this test","e2e/phase-03-patient-records/P3I.documents.spec.ts",""
"TC-P3I-004","3I Documents","P3","The file picker only offers the supported document types","1) Open PT-QA-0002's Documents section 2) Click the upload zone and inspect the native file-picker's `accept` filter Route: /patients","The input accepts only image/jpeg, image/png, image/webp, image/gif, application/pdf, .docx, .doc, text/plain, .csv — an unsupported type (e.g. .exe) is filtered out by the OS picker.","","None","","None","","","","","P3-S11","Confirms the accepted-type allowlist actually reaches the DOM input, not just the code that reads it after selection.","Boundary","hospital_admin (Hospital A)","None","e2e/phase-03-patient-records/P3I.documents.spec.ts",""
"TC-P3I-005","3I Documents","P1","A document's signed view URL only opens for staff of the correct hospital","1) Complete TC-P3I-001 as Hospital A 2) Copy the resolved signed URL used by the ""View document"" eye icon 3) As the service-role/anon client authenticated as a Hospital B user, attempt to fetch the same storage path directly","The Hospital B session is refused by storage RLS ((storage.foldername(name))[1] = get_user_hospital_id()) — it cannot read a Hospital A patient's document even with the exact path.","","None","Storage/RLS","None","","","","","P3-S12","This bucket was flipped from public to private after a real defect (20261010000010) where any hospital could read any other hospital's uploaded documents — this case locks that fix as a regression guard.","Cross-Module","hospital_admin (Hospital B)","None","e2e/phase-03-patient-records/P3I.documents.spec.ts",""
"TC-P3I-006","3I Documents","P2","Deleting a document removes both the storage object and the patient_documents row","1) Complete TC-P3I-001 2) Click the trash icon on the uploaded document 3) Confirm the browser delete prompt Route: /patients","""Document deleted"" toast appears; the patient_documents row is gone AND the storage object at its path is gone.","","None","","None","","","","","P3-S11","Deleting only the database row while leaving the file in storage would silently accumulate orphaned PHI documents forever, with no record pointing at them for a future DPDP audit to find.","Positive","hospital_admin (Hospital A)","patient_documents where patient_id = (PT-QA-0002 id) and document_name like '%aadhaar-sample-qa%' → no row","e2e/phase-03-patient-records/P3I.documents.spec.ts",""
"TC-P3I-007","3I Documents","P3","A failed patient_documents insert cleans up the already-uploaded storage object","MANUAL ONLY: 1) Force a patient_documents insert failure after a successful storage upload (e.g. temporarily revoke insert grant, or use a document_type value a DB trigger rejects) 2) Attempt an upload 3) Check both the storage bucket and the table for the orphan Route: /patients","The storage object uploaded just before the failed insert is removed by the component's cleanup path (storage.remove()), leaving no orphaned file.","","None — requires deliberately breaking the insert, not reproducible through normal UI actions","","A way to force the insert to fail (schema/permission change, reverted after)","","","","","P3-S11","An orphaned file with no database pointer is invisible PHI sitting in storage indefinitely — this is the one failure path worth proving even though it cannot be triggered through ordinary use.","Negative","hospital_admin (Hospital A)","None","",""
"TC-P3I-008","3I Documents","P1","Hospital B staff cannot open a document belonging to a Hospital A patient through the app UI","1) Complete TC-P3I-001 as Hospital A 2) Log in as hospital_admin (Hospital B) 3) Attempt to reach the same patient's document via the UI (there is no cross-tenant patient to select from, so this proves the document never appears in any Hospital B screen) Route: /patients","The document is not reachable from any Hospital B screen — there is no patient record to click through to, and RLS blocks direct access regardless (see TC-P3I-005).","","None","","None","","","","","P3-S12","Confirms the UI-level isolation matches the storage-level isolation proven in TC-P3I-005 — both layers must independently hold.","Cross-Module","hospital_admin (Hospital B)","None","e2e/phase-03-patient-records/P3I.documents.spec.ts",""
"TC-P3J-001","3J Cross-tenant","P1","Pasting a Hospital B patient's UUID into /patients/:id/summary as Hospital A staff returns no data","1) Note PT-QA-0030's patient id (Hospital B) from Supabase 2) Log in as hospital_admin (Hospital A) 3) Navigate directly to /patients/<PT-QA-0030's id>/summary","The page shows no patient data (blank/error state) — PatientSummaryPage's query has no hospital_id filter, so this is a pure RLS test: the ""Users can view own hospital patients"" policy must return zero rows for a foreign patient id.","","PT-QA-0030","","None","","","","","P3-S12","This route fetches by id alone with NO hospital_id filter in the query — if RLS is ever weakened, this is the exact page that would leak a Hospital B patient's full clinical summary to Hospital A staff.","Negative","hospital_admin (Hospital A)","None","e2e/phase-03-patient-records/P3J.cross-tenant.spec.ts",""
"TC-P3J-002","3J Cross-tenant","P1","A raw REST/RLS query for the patients table as a Hospital A session returns zero Hospital B rows","1) Sign in as MOCK.hospitals.A.adminEmail against the anon Supabase client 2) Query the patients table with no hospital_id filter, limit 1000 3) Filter the results for hospital_id = Hospital B's id Query rows from patients.","Zero rows with Hospital B's hospital_id come back — RLS enforces isolation independent of any UI filtering.","","None","","None","","","","","P3-S12","This is the single most direct proof that patient isolation is enforced at the database layer, not just hidden by list-page filtering that a direct API call would bypass.","Negative","hospital_admin (Hospital A)","expectNoCrossTenantRows(patients, Hospital A admin, Hospital B id) → 0 leaked rows","e2e/phase-03-patient-records/P3J.cross-tenant.spec.ts",""
"TC-P3J-003","3J Cross-tenant","P1","The /patients?id=<uuid> deep link ignores a foreign hospital's patient id","1) Log in as hospital_admin (Hospital A) 2) Navigate to /patients?id=<PT-QA-0030's id (Hospital B)>","The deep-link handler's own query (.eq(""id"", patientId).eq(""hospital_id"", hospitalId)) finds no match, so no drawer opens and the ?id= param is cleared silently — this is the positive contrast to TC-P3J-001's route, which has no such filter.","","PT-QA-0030","","None","","","","","P3-S12","Confirms the list page's deep-link path was built with the hospital_id filter that the /summary route is missing — useful evidence for whoever fixes TC-P3J-001, showing the correct pattern already exists elsewhere in the same codebase.","Positive","hospital_admin (Hospital A)","None","e2e/phase-03-patient-records/P3J.cross-tenant.spec.ts",""
"TC-P3J-004","3J Cross-tenant","P2","Hospital A's patient list search never surfaces a Hospital B patient by name or phone","1) Log in as hospital_admin (Hospital A) 2) Search /patients for ""Rohan Kulkarni"" (PT-QA-0030's name) and separately for its phone 9876500030","No results are returned for either search — the query is scoped .eq(""hospital_id"", hospitalId) before the search filter is applied.","","PT-QA-0030","","None","","","","","P3-S12","A search box that returns a foreign-tenant name would disclose that a specific person is a patient at another hospital — a privacy leak even without opening the record.","Negative","hospital_admin (Hospital A)","None","e2e/phase-03-patient-records/P3J.cross-tenant.spec.ts",""
"TC-P3J-005","3J Cross-tenant","P1","A Hospital A doctor cannot open Hospital B's PatientSummaryPage via direct navigation","1) Log in as doctor (Hospital A) 2) Navigate directly to /patients/<PT-QA-0030's id>/summary","Same as TC-P3J-001 but from a clinical (non-admin) role — no patient data renders, confirming the RLS protection is role-independent, not something only enforced for admins.","","PT-QA-0030","","None","","","","","P3-S12","A clinician role often has the broadest read access to clinical data across a hospital — if any role were going to slip through a cross-tenant gap, it would be this one.","RBAC","doctor (Hospital A)","None","e2e/phase-03-patient-records/P3J.cross-tenant.spec.ts",""
