TC#,Section,Test Case,Steps,Expected Result,Status(PASS/FAIL/BLOCKED),mock data,Cross-Module Link,Settings need to set before entering to the module,Actual Result(What happened),Console Error(Copy-paste red text),Screenshot(Y/N),Notes,Journey Scenario,Why This Exists,Test Type,Role/Login,Supabase Verify,Playwright Spec,Defect ID
TC-P1A-001,1A Registration,Registration page loads with step 1 of 5,1) Open /register in a fresh incognito window 2) Observe the wizard,Step 1 'Hospital Identity' renders with a 5-step progress bar. No console errors.,Pass,None,,None - public route,,,,,P1-Setup,A hospital cannot become a customer if it cannot sign up. This is the very first screen anyone outside your company ever sees.,Positive,Logged out,None,e2e/phase-01-foundation/P1A.registration.spec.ts,
TC-P1A-002,1A Registration,Step 1 accepts valid hospital identity,1) Enter Hospital Name 'Aarogya Multispecialty Hospital' 2) Select Type 'Private Hospital' 3) Select State 'Telangana' 4) Select Bed Count '101-200 beds' 5) Enter Phone 9876500001 6) Click Next,Next is enabled and the wizard advances to step 2.,Pass,Hospital A identity block,,None,,,,,P1-Setup,Hospital type and bed count drive plan pricing and default module selection - wrong data here mis-prices the customer.,Positive,Logged out,hospitals - after full signup,e2e/phase-01-foundation/P1A.registration.spec.ts,
TC-P1A-003,1A Registration,Step 1 Next is disabled with any field blank,1) Fill every field except State 2) Observe the Next button,Next stays disabled. No way to advance with incomplete identity.,Pass,Hospital A minus State,,None,,,,,P1-Setup,A hospital record without a state breaks GST place-of-supply and state scheme eligibility downstream.,Negative,Logged out,None,e2e/phase-01-foundation/P1A.registration.spec.ts,
TC-P1A-004,1A Registration,Phone accepts exactly 10 digits,1) Enter phone 98765 2) Try Next 3) Enter 98765000011 (11 digits) 4) Try Next 5) Enter 9876500001 6) Try Next,Only the 10-digit value is accepted. Shorter and longer are rejected.,Pass,9876500001,,None,,,,,P1-Setup,Indian mobile numbers are 10 digits. A malformed number means OTP and WhatsApp never reach the customer.,Boundary,Logged out,None,e2e/phase-01-foundation/P1A.registration.spec.ts,
TC-P1A-005,1A Registration,Phone rejects letters and symbols,1) Type 'abcdefghij' into Phone 2) Type '98765-0001',Non-numeric input is rejected or stripped.,Pass,abcdefghij,,None,,,,,P1-Setup,Free-text phone fields are the most common source of unusable contact data.,Negative,Logged out,None,MANUAL-ONLY,
TC-P1A-006,1A Registration,Phone OTP is sent and verifies,1) Complete step 1 with phone 9876500001 2) Click Verify 3) Retrieve the OTP 4) Enter it 5) Submit,"OTP accepted, phone shows verified, and a single-use token is held for the final submit.",Pass,9876500001,,Platform setting: OTP required toggle (see /platform/settings),,,,If OTP is not enabled on your platform settings this case is N/A - mark BLOCKED and note it,P1-Setup,OTP is the only thing stopping bulk fake signups from consuming your free trials.,Positive,Logged out,signup_otp_verifications,MANUAL-ONLY,
TC-P1A-007,1A Registration,Wrong OTP is rejected,1) Request an OTP 2) Enter 000000 3) Submit,Rejected with a clear message. Phone stays unverified. Registration cannot proceed.,Pass,OTP 000000,,OTP required enabled,,,,,P1-Setup,An OTP that accepts any value is the same as having no OTP at all.,Negative,Logged out,signup_otp_verifications,MANUAL-ONLY,
TC-P1A-008,1A Registration,Expired OTP is rejected,1) Request an OTP 2) Wait past the expiry window 3) Enter the correct code 4) Submit,Rejected as expired. A new OTP must be requested.,Pass,valid but stale OTP,,OTP required enabled,,,,,P1-Setup,An OTP with no expiry can be reused indefinitely if intercepted.,Negative,Logged out,signup_otp_verifications,MANUAL-ONLY,
TC-P1A-009,1A Registration,Step 2 accepts a valid admin account,1) Enter Full Name 'Dr. Ravi Shankar' 2) Email yeswanthvarma94+qa.admin.a@gmail.com 3) Password TestPass@2026 4) Confirm the same 5) Designation 'Medical Director' 6) Next,Advances to step 3.,Pass,Hospital A admin block,,None,,,,,P1-Setup,This account becomes the hospital administrator - the only person who can create every other login.,Positive,Logged out,users after signup,e2e/phase-01-foundation/P1A.registration.spec.ts,
TC-P1A-010,1A Registration,Malformed email is rejected,1) Enter 'notanemail' 2) Then 'a@b' 3) Then 'a@b.c' 4) Observe each,Only a properly formed address with a 2+ char TLD is accepted.,Pass,notanemail / a@b / a@b.c,,None,,,,,P1-Setup,The admin email is where account recovery goes. Wrong and the customer is locked out permanently.,Negative,Logged out,None,e2e/phase-01-foundation/P1A.registration.spec.ts,
TC-P1A-011,1A Registration,Weak password is rejected,1) Enter 'pass' (too short) 2) Enter 'password' (no digit) 3) Enter '12345678' (no letter) 4) Enter 'TestPass@2026',First three rejected. Rule is 8+ characters with at least one letter and one digit.,Pass,pass / password / 12345678 / TestPass@2026,,None,,,,,P1-Setup,This account can see every patient record in the hospital. A weak password here is a data breach waiting to happen.,Negative,Logged out,None,e2e/phase-01-foundation/P1A.registration.spec.ts,
TC-P1A-012,1A Registration,Mismatched password confirmation is rejected,1) Password TestPass@2026 2) Confirm TestPass@2025 3) Next,Rejected with a mismatch message.,Pass,TestPass@2026 / TestPass@2025,,None,,,,,P1-Setup,A typo in the password the user never sees means they cannot log in and do not know why.,Negative,Logged out,None,e2e/phase-01-foundation/P1A.registration.spec.ts,
TC-P1A-013,1A Registration,Step 3 accepts hospital details,"1) Address 1 'Plot 42, Road No. 12, Banjara Hills' 2) Pincode 500034 3) City Hyderabad 4) GSTIN 36AABCA1234F1Z5 5) NABH Yes + NABH-QA-A-2026 6) Next",Advances to step 4.,Pass,Hospital A details block,,None,,,,,P1-Setup,Address and GSTIN print on every bill. NABH status drives empanelment eligibility.,Positive,Logged out,hospitals,e2e/phase-01-foundation/P1A.registration.spec.ts,
TC-P1A-014,1A Registration,Pincode must be exactly 6 digits,1) Enter 5000 2) Try Next 3) Enter 5000345 4) Try Next 5) Enter 500034 6) Try Next,Only the 6-digit value advances.,Pass,5000 / 5000345 / 500034,,None,,,,,P1-Setup,Indian PIN codes are 6 digits. Wrong length means undeliverable post and wrong state inference.,Boundary,Logged out,None,e2e/phase-01-foundation/P1A.registration.spec.ts,
TC-P1A-015,1A Registration,Malformed GSTIN is caught,1) Enter '12345' 2) Then 'ABCDEFGHIJKLMNO' 3) Then 36AABCA1234F1Z5 4) Observe,"Invalid formats flagged. Valid 15-char GSTIN accepted. NOTE: if any junk value is accepted, log it as a defect.",Pass,12345 / ABCDEFGHIJKLMNO / 36AABCA1234F1Z5,Billing - GST invoicing,None,,,,GSTIN format is 2-digit state + 10-char PAN + entity + Z + checksum,P1-Setup,"A wrong GSTIN makes every tax invoice the hospital issues legally invalid, and they will not discover it until a GST audit.",Negative,Logged out,hospitals.gstin,e2e/phase-01-foundation/P1A.registration.spec.ts,
TC-P1A-016,1A Registration,GSTIN is optional,1) Leave GSTIN blank 2) Complete step 3,Registration proceeds. GSTIN can be added later in Settings.,Pass,GSTIN blank,Billing - HSN block is inactive without GSTIN,None,,,,Small clinics below the GST threshold genuinely have no GSTIN,P1-Setup,Many small nursing homes are below the GST registration threshold. Forcing a GSTIN would block a whole customer segment.,Positive,Logged out,hospitals.gstin is null,MANUAL-ONLY,
TC-P1A-017,1A Registration,Step 4 plan selection,"1) Review Starter, Professional and Enterprise 2) Select Professional 3) Next",Plan captured and shown on the confirm step. Pricing and included modules visible before choosing.,Pass,Professional,Settings - Plan & subscription,None,,,,,P1-Setup,The plan decides which of the 69 modules the hospital can even open. Choosing blind causes immediate churn.,Positive,Logged out,hospital_subscriptions,e2e/phase-01-foundation/P1A.registration.spec.ts,
TC-P1A-018,1A Registration,Cannot submit without accepting Terms,1) Reach step 5 2) Leave Terms unchecked 3) Try to submit,Submission blocked.,Pass,Terms unchecked,,None,,,,,P1-Setup,Without accepted terms you have no contract with the customer.,Negative,Logged out,None,e2e/phase-01-foundation/P1A.registration.spec.ts,
TC-P1A-019,1A Registration,Cannot submit without DPDP consent,1) Reach step 5 2) Accept Terms 3) Leave DPDP consent unchecked 4) Try to submit,Submission blocked.,Pass,DPDP consent unchecked,,None,,,,,P1-Setup,DPDP Act 2023 requires explicit consent for processing personal data. Missing it is a statutory violation from day one.,Negative,Logged out,hospital_signup_consents,e2e/phase-01-foundation/P1A.registration.spec.ts,
TC-P1A-020,1A Registration,Full registration creates the hospital,1) Complete all 5 steps with Hospital A data 2) Submit 3) Wait for confirmation,Success screen shown and a verification email is triggered.,Pass,Full Hospital A block,All modules,None,,,,,P1-Setup,This single action creates the tenant every other test depends on.,Positive,Logged out,hospitals WHERE name='Aarogya Multispecialty Hospital'; users; hospital_subscriptions; hospital_signup_consents,e2e/phase-01-foundation/P1A.registration.spec.ts,
TC-P1A-021,1A Registration,Trial subscription is created,1) After TC-P1A-020 2) Query hospital_subscriptions for the new hospital_id,A subscription row exists with the chosen plan and a trial state.,Pass,Hospital A,Settings - Plan,None,,,,Seeded by migration 20260616000003_seed_trial_subscription,P1-Setup,Without a subscription row the ModuleGate blocks every route and the customer sees an empty product.,Positive,Logged out,hospital_subscriptions,e2e/phase-01-foundation/P1A.registration.spec.ts,
TC-P1A-022,1A Registration,Default chart of accounts is auto-seeded,1) After TC-P1A-020 2) Query chart_of_accounts and auto_posting_rules and lab_test_master for the new hospital_id,Rows exist. A DB trigger on hospitals seeds defaults on insert.,Pass,Hospital A,Accounts - journals,None,,,,Trigger from 20260613110000_seed_hospital_defaults,P1-Setup,"Without a chart of accounts no billing event can post to the ledger, so the P&L is empty forever.",Positive,Logged out,chart_of_accounts; auto_posting_rules,e2e/phase-01-foundation/P1A.registration.spec.ts,
TC-P1A-023,1A Registration,Duplicate hospital registration is handled,1) Register Hospital A again with the same GSTIN and email 2) Observe,"Rejected with a clear message. NOTE: if a second hospital is created with the same GSTIN, log as P1.",Pass,Hospital A repeated,,None,,,,,P1-Setup,Two tenants with the same GSTIN means two hospitals issuing invoices under one tax registration - a serious compliance problem.,Negative,Logged out,hospitals - count by gstin must be 1,e2e/phase-01-foundation/P1A.registration.spec.ts,
TC-P1A-024,1A Registration,Back navigation preserves entered data,1) Fill steps 1-3 2) Click Back to step 1 3) Click Next twice,All previously entered values are still present.,Pass,Hospital A,,None,,,,,P1-Setup,Losing a half-filled form makes people abandon signup. It is the single biggest drop-off cause in onboarding.,Positive,Logged out,None,MANUAL-ONLY,
TC-P1A-025,1A Registration,Register Hospital B for isolation testing,1) Register Sanjeevani General Hospital with the Hospital B block 2) Choose the Starter plan 3) Complete,"Second tenant created with its own hospital_id, distinct from Hospital A.",Pass,Full Hospital B block,All - this is the isolation control,None,,,,Required before any Section 1H test can run,P1-Setup,Without a second hospital you cannot prove tenant isolation - and tenant isolation is the thing that ends a company if it fails.,Positive,Logged out,hospitals - 2 distinct rows,e2e/phase-01-foundation/P1A.registration.spec.ts,
TC-P1B-001,1B Onboarding,Onboarding wizard opens after first login,1) Verify the admin email 2) Log in as +qa.admin.a 3) Observe,Redirected to /setup/onboarding at step 1 Branding.,Pass,Hospital A admin,,Registration complete,,,,,P1-Setup,A hospital that lands on an empty dashboard with no guidance abandons the product in the first hour.,Positive,hospital_admin A,hospitals,e2e/phase-01-foundation/P1B.onboarding.spec.ts,
TC-P1B-002,1B Onboarding,Wizard shows 14 steps in 6 sections,1) Open /setup/onboarding 2) Count the steps and section headers,"Sections: Hospital (Branding, Departments), Structure (Wards & Beds, Shifts), People (Doctors, Other Staff, OPD Schedules), Services (Fees, Payers, Lab & Radiology, Payments), Integrations (WhatsApp, Modules), Launch (Go Live).",Pass,None,,Registration complete,,,,,P1-Setup,"The wizard order is the dependency order. If it is wrong, a customer configures things that silently fail.",Positive,hospital_admin A,None,e2e/phase-01-foundation/P1B.onboarding.spec.ts,
TC-P1B-003,1B Onboarding,Step 1 Branding saves logo and colour,1) Upload a logo 2) Set primary colour 3) Next,Saved and reflected in the app header.,Pass,any test image,All - print headers,Registration complete,,,,Branding is marked optional in the wizard,P1-Setup,The hospital's logo on a bill or report is what makes the software feel like theirs rather than yours.,Positive,hospital_admin A,hospitals.logo_url,MANUAL-ONLY,
TC-P1B-004,1B Onboarding,Branding can be skipped,1) At Branding click Skip,Advances to Departments without saving branding.,Pass,None,,Registration complete,,,,,P1-Setup,Optional steps must be genuinely optional or the customer is stuck at signup hunting for a logo file.,Positive,hospital_admin A,None,MANUAL-ONLY,
TC-P1B-005,1B Onboarding,Step 2 Departments creates all 10 departments,1) Add each department from the Mock Data Book 2) Save 3) Next,All 10 saved and listed.,,10 departments from Mock Data Book,OPD IPD Lab Radiology,Registration complete,,,,Use Indian English spellings - Anaesthesiology Gynaecology Orthopaedics Paediatrics,P1-Setup,No departments means no OPD token can be created and no doctor can be assigned. Nothing clinical works.,Positive,hospital_admin A,departments - 10 rows for hospital A,e2e/phase-01-foundation/P1B.onboarding.spec.ts,
TC-P1B-006,1B Onboarding,Departments is a mandatory step,1) At Departments with none added try Next / Skip,Cannot advance. The step is not optional.,,None,,Registration complete,,,,,P1-Setup,"Allowing a hospital past this step guarantees a broken OPD later, with no obvious cause.",Negative,hospital_admin A,None,e2e/phase-01-foundation/P1B.onboarding.spec.ts,
TC-P1B-007,1B Onboarding,Duplicate department name is rejected,1) Add 'General Medicine' 2) Add 'General Medicine' again,Rejected as duplicate.,,General Medicine twice,,Registration complete,,,,,P1-Setup,Duplicate departments split a doctor's patients across two identical-looking queues.,Negative,hospital_admin A,departments,MANUAL-ONLY,
TC-P1B-008,1B Onboarding,Step 3 creates all 6 wards with rate_per_day,1) Add each ward from the Mock Data Book with its rate 2) Save,All 6 wards saved WITH rate_per_day populated.,,6 wards from Mock Data Book,IPD - room charge; Billing,Registration complete,,,,CRITICAL - a ward without rate_per_day silently bills Rs 500/day,P1-Setup,Room rent is the largest single line on most inpatient bills. A missing rate means the hospital under-bills every admission and never notices.,Positive,hospital_admin A,wards - rate_per_day not null on all 6,e2e/phase-01-foundation/P1B.onboarding.spec.ts,
TC-P1B-009,1B Onboarding,Ward saved without rate_per_day is detectable,1) Add a ward leaving rate_per_day blank 2) Save 3) Check the row,"Either the field is mandatory, or the row saves with a null rate. If it saves null, log P1 - this is the Rs 500 silent fallback.",,ward with blank rate,IPD room charge,Registration complete,,,,,P1-Setup,This is the single most damaging silent failure in the application. It must at minimum be visible.,Negative,hospital_admin A,wards.rate_per_day,e2e/phase-01-foundation/P1B.onboarding.spec.ts,
TC-P1B-010,1B Onboarding,Step 3 creates all 32 beds,1) Add beds GW-01..10 SP-01..06 PR-01..04 DX-01..02 ICU-01..06 MW-01..04 2) Save,All 32 beds created and linked to their wards with status available.,,32 beds from Mock Data Book,IPD - admission,Registration complete + wards,,,,,P1-Setup,With no beds the Admit Patient modal is empty and no patient can ever be admitted.,Positive,hospital_admin A,beds - 32 rows,e2e/phase-01-foundation/P1B.onboarding.spec.ts,
TC-P1B-011,1B Onboarding,Duplicate bed number in the same ward is rejected,1) Add GW-01 twice to General Ward,Rejected.,,GW-01 twice,IPD,Registration + wards,,,,,P1-Setup,Two beds with the same number means two patients can be assigned the same physical bed.,Negative,hospital_admin A,beds,MANUAL-ONLY,
TC-P1B-012,1B Onboarding,Step 4 Shifts creates shift master,"1) Add Morning 08:00-16:00, Evening 16:00-00:00, Night 00:00-08:00 2) Save",3 shifts saved.,,3 standard shifts,HR - roster; Nursing handover,Registration complete,,,,,P1-Setup,Hospitals run 24x7 on rotating shifts. Without shift definitions there is no roster and no handover.,Positive,hospital_admin A,shift_master,e2e/phase-01-foundation/P1B.onboarding.spec.ts,
TC-P1B-013,1B Onboarding,Step 5 Doctors creates 3 doctors with fees,"1) Add Dr. Suresh Menon (Gen Medicine, Rs 500, follow-up Rs 0, validity 7d) 2) Dr. Kavitha Rao (Obs&Gynae, Rs 700, follow-up Rs 300, validity 10d) 3) Dr. Arjun Nair (Gen Surgery, Rs 800) 4) Save","All 3 created as users with role doctor, and matching service_master fee rows.",,3 doctors from Mock Data Book,OPD - consultation billing,Registration + departments,,,,Fee precedence is doctor then department then global then hardcoded Rs 500,P1-Setup,"With no consultation fee configured, the app silently bills a hardcoded Rs 500 for every patient regardless of doctor or specialty.",Positive,hospital_admin A,users WHERE role='doctor'; service_master item_type='consultation',e2e/phase-01-foundation/P1B.onboarding.spec.ts,
TC-P1B-014,1B Onboarding,Follow-up fee and validity days save correctly,1) On Dr. Menon set follow_up_fee 0 and validity_days 7 2) Save 3) Verify the row,Both values persisted exactly.,,Rs 0 / 7 days,OPD - free revisit rule,Registration + departments,,,,Drives scenarios P4-S02 and P4-S03,P1-Setup,The free-revisit window is a promise the hospital makes to patients. Getting it wrong means either angry patients or lost revenue.,Positive,hospital_admin A,service_master.follow_up_fee and validity_days,e2e/phase-01-foundation/P1B.onboarding.spec.ts,
TC-P1B-015,1B Onboarding,Step 6 Other Staff creates non-doctor staff,"1) Add nurse, receptionist, pharmacist, lab tech, billing exec per the Mock Data Book 2) Save",All created with the correct roles.,,Staff list from Mock Data Book,All modules,Registration + departments,,,,,P1-Setup,A hospital is not one admin - every role needs its own login for accountability and audit.,Positive,hospital_admin A,users; staff_profiles,e2e/phase-01-foundation/P1B.onboarding.spec.ts,
TC-P1B-016,1B Onboarding,Step 7 OPD Schedules creates doctor slots,"1) Set Dr. Menon Mon-Sat 09:00-13:00, 15 min slots 2) Save",Schedule and slots generated.,,Mon-Sat 09:00-13:00,OPD - appointments,Registration + doctors,,,,,P1-Setup,Without slots no appointment can be booked and the hospital is walk-in only.,Positive,hospital_admin A,doctor_schedules; doctor_slots,e2e/phase-01-foundation/P1B.onboarding.spec.ts,
TC-P1B-017,1B Onboarding,Step 8 Fees creates the service master,"1) Add all 10 services from the Mock Data Book with rate, GST and HSN 2) Save",All 10 saved with HSN codes populated.,,10 services from Mock Data Book,Billing OPD IPD,Registration complete,,,,HSN is required or bill finalisation is blocked once GSTIN is set,P1-Setup,"Every chargeable thing the hospital does must exist here with a price and a tax code, or it either cannot be billed or the invoice is illegal.",Positive,hospital_admin A,service_master; service_rates,e2e/phase-01-foundation/P1B.onboarding.spec.ts,
TC-P1B-018,1B Onboarding,Fees is a mandatory step,1) At Fees with no services try to skip,Cannot skip. Step is mandatory.,,None,Billing,Registration complete,,,,,P1-Setup,Skipping fees is what produces the hardcoded Rs 500 bill later.,Negative,hospital_admin A,None,e2e/phase-01-foundation/P1B.onboarding.spec.ts,
TC-P1B-019,1B Onboarding,Step 9 Payers creates payer masters,1) Add all 8 payers from the Mock Data Book 2) Save,All 8 saved with their type.,,8 payers from Mock Data Book,IPD admission; Insurance,Registration complete,,,,,P1-Setup,Half a private hospital's revenue is insured. With no payers configured every patient is forced to self-pay.,Positive,hospital_admin A,payer_masters,e2e/phase-01-foundation/P1B.onboarding.spec.ts,
TC-P1B-020,1B Onboarding,Step 10 creates lab test master,"1) Add all 15 lab tests with fee, sample type, unit and normal range 2) Save",All 15 saved with fee and normal ranges populated.,,15 lab tests from Mock Data Book,OPD Rx chips; Lab orders; Billing,Registration complete,,,,Missing normal range means no abnormal flag and NO critical alert,P1-Setup,The lab catalogue is what the OPD Rx tab matches prescribed test names against. Tests not in it are silently dropped from the order.,Positive,hospital_admin A,lab_test_master - 15 rows with fee not null,e2e/phase-01-foundation/P1B.onboarding.spec.ts,
TC-P1B-021,1B Onboarding,Step 10 creates radiology modalities then studies,"1) Add modalities X-Ray, Ultrasound, CT, MRI 2) Then add the 7 studies 3) Save","Modalities first, then studies linked to them, all with fees.",,4 modalities + 7 studies,OPD Rx chips; Radiology; PCPNDT,Registration complete,,,,Modalities MUST exist before studies - order matters,P1-Setup,Radiology studies cannot exist without a modality. Getting the order wrong produces 'No studies configured'.,Positive,hospital_admin A,radiology_modalities; radiology_study_master,e2e/phase-01-foundation/P1B.onboarding.spec.ts,
TC-P1B-022,1B Onboarding,Step 11 Payments configures payment modes,1) Configure the accepted payment modes 2) Save,Saved.,,cash/UPI/card/NEFT,Billing - payments,Registration complete,,,,,P1-Setup,UPI is how most Indian patients pay now. Not offering it means cash queues at the counter.,Positive,hospital_admin A,api_configurations,MANUAL-ONLY,
TC-P1B-023,1B Onboarding,Step 12 WhatsApp can be skipped,1) At WhatsApp click Skip,Advances without configuring.,,None,Notifications,Registration complete,,,,WARNING - unconfigured WhatsApp makes ALL notifications silently no-op,P1-Setup,"WhatsApp is optional to configure but its absence is invisible - nothing errors, messages just never send.",Positive,hospital_admin A,None,MANUAL-ONLY,
TC-P1B-024,1B Onboarding,Step 13 Modules reflects the chosen plan,1) At Modules observe which are enabled 2) Compare against the Professional plan,Only modules included in the plan are enabled.,,Professional plan,All modules,Registration + plan,,,,,P1-Setup,"A customer seeing modules they did not pay for, or missing ones they did, is an immediate support ticket.",Positive,hospital_admin A,hospital_module_entitlements,e2e/phase-01-foundation/P1B.onboarding.spec.ts,
TC-P1B-025,1B Onboarding,Step 14 Go Live completes onboarding,1) Review the checklist 2) Complete onboarding,Redirected to /dashboard. Wizard does not reappear on next login.,,None,All,All prior steps,,,,,P1-Setup,Onboarding that reappears after completion makes the product feel broken.,Positive,hospital_admin A,hospitals - onboarding flag,e2e/phase-01-foundation/P1B.onboarding.spec.ts,
TC-P1B-026,1B Onboarding,Wizard resumes at the correct step after logout,1) Complete up to step 5 2) Log out 3) Log back in,Resumes at step 6 with earlier data intact.,,Partial Hospital A,,Registration complete,,,,,P1-Setup,Onboarding a hospital takes hours and spans sessions. Losing progress means starting over.,Positive,hospital_admin A,hospitals,e2e/phase-01-foundation/P1B.onboarding.spec.ts,
TC-P1B-027,1B Onboarding,Repeat full onboarding for Hospital B,"1) Log in as +qa.admin.b 2) Complete onboarding with a minimal Hospital B config (2 departments, 1 ward, 4 beds, 1 doctor, 1 service)",Hospital B is usable for isolation testing.,,Hospital B minimal set,Isolation testing,Hospital B registered,,,,Only needs enough data to prove isolation,P1-Setup,"Hospital B needs real data in it, or a cross-tenant test proves nothing - an empty result is not the same as a blocked one.",Positive,hospital_admin B,departments/wards/beds for hospital B,e2e/phase-01-foundation/P1B.onboarding.spec.ts,
TC-P1C-001,1C Login,Valid login succeeds,1) Go to /login 2) Enter +qa.admin.a and TestPass@2026 3) Submit,Logged in and redirected to /dashboard.,,Hospital A admin,All,Registration + email verified,,,,,P1-Setup,If login does not work nothing else matters.,Positive,hospital_admin A,audit_log action='LOGIN',e2e/phase-01-foundation/P1C.login.spec.ts,
TC-P1C-002,1C Login,Wrong password is rejected,1) Enter the correct email with password WrongPass@2026 2) Submit,Rejected with a generic message. NOTE: the message must not reveal whether the email exists.,,WrongPass@2026,,Registration complete,,,,,P1-Setup,A message distinguishing 'wrong password' from 'no such user' lets an attacker enumerate every staff email.,Negative,Logged out,audit_log,e2e/phase-01-foundation/P1C.login.spec.ts,
TC-P1C-003,1C Login,Unknown email is rejected identically,1) Enter nosuchuser@example.com with any password 2) Compare the message to TC-P1C-002,The message is identical to the wrong-password message.,,nosuchuser@example.com,,None,,,,,P1-Setup,Same reason as above - differing messages leak your entire user list.,Negative,Logged out,None,e2e/phase-01-foundation/P1C.login.spec.ts,
TC-P1C-004,1C Login,Empty credentials are rejected,1) Submit with both fields blank,Blocked with validation messages.,,blank,,None,,,,,P1-Setup,Basic input validation - an empty submit should never reach the server.,Negative,Logged out,None,e2e/phase-01-foundation/P1C.login.spec.ts,
TC-P1C-005,1C Login,Unverified email cannot log in,1) Register a new admin 2) Do NOT click the verification link 3) Try to log in,Login blocked with a verify-your-email message.,,fresh unverified account,,None,,,,,P1-Setup,Unverified accounts let anyone register using someone else's email address.,Negative,Logged out,auth.users email_confirmed_at,MANUAL-ONLY,
TC-P1C-006,1C Login,Deactivated user is signed out,1) Log in as +qa.nurse.a 2) As admin in another browser set that user is_active=false 3) Refresh the nurse session,Nurse is force signed out. HospitalContext signs out when users.is_active is false.,,#NAME?,All,Staff created,,,,,P1-Setup,"When a staff member is terminated their access must end immediately, not at their next voluntary logout.",Negative,nurse A,users.is_active,e2e/phase-01-foundation/P1C.login.spec.ts,
TC-P1C-007,1C Login,Deactivated user cannot log back in,1) After TC-P1C-006 try to log in as the nurse,Login refused.,,#NAME?,,Staff created,,,,,P1-Setup,A terminated employee logging back in the next day is a serious security and PHI exposure.,Negative,Logged out,users.is_active=false,e2e/phase-01-foundation/P1C.login.spec.ts,
TC-P1C-008,1C Login,Password reset email is sent,1) At /login click Forgot Password 2) Enter +qa.doctor.a 3) Submit,Confirmation shown and a reset email arrives.,,#NAME?,,Staff created,,,,,P1-Setup,Staff forget passwords constantly. Without self-service reset every one becomes a support call.,Positive,Logged out,None,MANUAL-ONLY,
TC-P1C-009,1C Login,Password reset link works,1) Open the reset link 2) Set NewTestPass@2026 3) Log in with it,Password changed and the new one works.,,NewTestPass@2026,,Staff created,,,,Reset it back to TestPass@2026 afterwards,P1-Setup,A reset flow that emails a link but does not actually change the password is worse than none.,Positive,Logged out,None,MANUAL-ONLY,
TC-P1C-010,1C Login,Reset link cannot be reused,1) Use a reset link successfully 2) Open the same link again,Rejected as already used or expired.,,used reset link,,Staff created,,,,,P1-Setup,A reusable reset link in an inbox is a permanent backdoor into that account.,Negative,Logged out,None,MANUAL-ONLY,
TC-P1C-011,1C Login,Session persists across a refresh,1) Log in 2) Press F5,Still logged in on the same page.,,any login,,Staff created,,,,,P1-Setup,Being logged out by a page refresh mid-consultation loses the doctor's work.,Positive,doctor A,None,e2e/phase-01-foundation/P1C.login.spec.ts,
TC-P1C-012,1C Login,Session persists across a new tab,1) Log in 2) Open /dashboard in a new tab,Logged in in the new tab too.,,any login,,Staff created,,,,,P1-Setup,Clinical staff routinely work across several tabs.,Positive,doctor A,None,MANUAL-ONLY,
TC-P1C-013,1C Login,Logout clears the session and context cache,1) Log in 2) Log out 3) Check sessionStorage for hms_ctx_* keys 4) Press browser Back,"Session ended, hms_ctx_* cleared, and Back does not restore an authenticated view.",,any login,,Staff created,,,,The context cache is only cleared on sign-out - this is why TC-P1H-012 exists,P1-Setup,"On a shared nursing-station computer, a session that survives logout exposes the previous user's patients.",Positive,any,None,e2e/phase-01-foundation/P1C.login.spec.ts,
TC-P1C-014,1C Login,Protected route redirects when logged out,1) Log out 2) Navigate directly to /patients,Redirected to /login. Patient data never renders.,,None,Patients,None,,,,,P1-Setup,Direct URL entry is the first thing anyone tries. If it works logged out you have no access control at all.,Negative,Logged out,None,e2e/phase-01-foundation/P1C.login.spec.ts,
TC-P1C-015,1C Login,Every protected route redirects when logged out,"1) Logged out, try /dashboard /opd /ipd /billing /lab /radiology /pharmacy /settings /accounts /platform",All redirect to /login. None render data.,,None,All,None,,,,,P1-Setup,One unguarded route is enough to expose the whole database.,Negative,Logged out,None,e2e/phase-01-foundation/P1C.login.spec.ts,
TC-P1C-016,1C Login,Login audit row is written,1) Log in as +qa.doctor.a 2) Query audit_log,A LOGIN row exists with the user and timestamp.,,#NAME?,Quality - audit trail,Staff created,,,,,P1-Setup,NABH and DPDP both require knowing who accessed the system and when.,Positive,doctor A,audit_log action='LOGIN',e2e/phase-01-foundation/P1C.login.spec.ts,
TC-P1C-017,1C Login,Landing route matches the role,1) Log in as each of the 16 roles 2) Note where each lands,Each role lands on a route it is permitted to see - never a blank or a 403.,,All 16 logins,All,Staff created,,,,Cross-check against the Mock Data Book landing column,P1-Setup,A pharmacist landing on a page they cannot access looks like a broken product on day one.,Positive,all 16,None,e2e/phase-01-foundation/P1C.login.spec.ts,
TC-P1C-018,1C Login,Login page renders on a tablet,1) Open /login at 768px width,Usable without horizontal scroll.,,None,,None,,,,Tablet-first is the design target for nurse stations,P1-Setup,"Nurse stations and ward rounds run on tablets, not desktops.",Positive,Logged out,None,MANUAL-ONLY,
TC-P1D-001,1D Staff Logins,Enable Login creates a working account,1) Settings > Staff 2) Select Dr. Suresh Menon 3) Enable Login with +qa.doctor.a 4) Save 5) Log in as that user,Account created and login succeeds.,,#NAME?,All,Staff created,,,,Uses the create-staff-login edge function,P1-Setup,Every clinical action must be attributable to a named person. Shared logins destroy the audit trail and fail NABH.,Positive,hospital_admin A,users - auth_user_id populated,e2e/phase-01-foundation/P1D.staff-logins.spec.ts,
TC-P1D-002,1D Staff Logins,New staff user gets the correct hospital_id,1) After TC-P1D-001 2) Query the users row,hospital_id matches Hospital A.,,#NAME?,All - RLS anchor,Staff created,,,,users.hospital_id is what every RLS policy keys off,P1-Setup,This one column decides everything that user can ever see. Wrong and they either see nothing or see another hospital's patients.,Positive,hospital_admin A,users.hospital_id,e2e/phase-01-foundation/P1D.staff-logins.spec.ts,
TC-P1D-003,1D Staff Logins,Create all 17 Hospital A logins,1) Enable Login for every staff member in the Mock Data Book Hospital A table,All 17 accounts created and each can log in.,,17 Hospital A logins,All,Staff created,,,,Required before Section 1E can run,P1-Setup,The RBAC matrix cannot be tested without one real login per role.,Positive,hospital_admin A,users - 17 rows with auth_user_id,e2e/phase-01-foundation/P1D.staff-logins.spec.ts,
TC-P1D-004,1D Staff Logins,Create the 3 Hospital B logins,1) As Hospital B admin enable login for its doctor and receptionist,3 accounts for Hospital B.,,3 Hospital B logins,Isolation,Hospital B onboarded,,,,,P1-Setup,"Isolation testing needs a real logged-in user on the other side, not just data.",Positive,hospital_admin B,users WHERE hospital_id = B,e2e/phase-01-foundation/P1D.staff-logins.spec.ts,
TC-P1D-005,1D Staff Logins,Duplicate email is rejected,1) Try to enable login for a second staff member with +qa.doctor.a,Rejected as already in use.,,#NAME?,,Staff created,,,,,P1-Setup,Two staff sharing one email means one of them can reset the other's password.,Negative,hospital_admin A,users,e2e/phase-01-foundation/P1D.staff-logins.spec.ts,
TC-P1D-006,1D Staff Logins,Role can be changed after creation,1) Change a staff member's role from nurse to receptionist 2) Have them log in again,New role applies and the visible navigation changes.,,#NAME?,All,Staff created,,,,Change it back afterwards,P1-Setup,"Staff move between departments. A role that cannot be changed means deleting and recreating the user, losing their audit history.",Positive,hospital_admin A,users.role,MANUAL-ONLY,
TC-P1D-007,1D Staff Logins,Staff can be deactivated,1) Set a staff member inactive 2) Verify they cannot log in,Deactivation is immediate and effective.,,#NAME?,All,Staff created,,,,,P1-Setup,Offboarding must actually remove access on the day it happens.,Positive,hospital_admin A,users.is_active,e2e/phase-01-foundation/P1D.staff-logins.spec.ts,
TC-P1D-008,1D Staff Logins,Reactivated staff can log in again,1) Reactivate the user from TC-P1D-007 2) Log in,Access restored.,,#NAME?,,Staff created,,,,,P1-Setup,Staff return from long leave - reactivation must work without recreating the account.,Positive,hospital_admin A,users.is_active,MANUAL-ONLY,
TC-P1D-009,1D Staff Logins,Staff list is scoped to the hospital,1) As Hospital A admin open Settings > Staff 2) Search for Hospital B staff names,Only Hospital A staff are listed. No Hospital B user appears.,,Dr. Rohan Kulkarni (B),Isolation,Both hospitals staffed,,,,,P1-Setup,"Seeing another hospital's staff list is itself a data leak, before you even reach patients.",Negative,hospital_admin A,users filtered by hospital_id,e2e/phase-01-foundation/P1D.staff-logins.spec.ts,
TC-P1D-010,1D Staff Logins,Staff profile fields save,"1) Add qualification, registration number and department to a doctor 2) Save",All fields persisted.,,MBBS MD / TSMC-12345,HR - credentialing,Staff created,,,,,P1-Setup,NABH requires proof that the doctor performing a procedure is registered and qualified to do it.,Positive,hospital_admin A,staff_profiles,MANUAL-ONLY,
TC-P1D-011,1D Staff Logins,Doctor creation also creates a consultation fee row,1) Create a new doctor with a fee of Rs 600 2) Check service_master,A consultation row exists for that doctor at Rs 600.,,Rs 600,OPD billing,Departments created,,,,,P1-Setup,A doctor with no fee row causes the hardcoded Rs 500 fallback for every one of their patients.,Positive,hospital_admin A,service_master WHERE doctor_id,e2e/phase-01-foundation/P1D.staff-logins.spec.ts,
TC-P1D-012,1D Staff Logins,Password reset for a staff member,1) Admin triggers a password reset for a staff member,Reset email sent to that staff member.,,#NAME?,,Staff created,,,,,P1-Setup,Ward staff forget passwords weekly. The admin needs to fix it without calling you.,Positive,hospital_admin A,None,MANUAL-ONLY,
TC-P1D-013,1D Staff Logins,Non-admin cannot open Settings > Staff,1) Log in as +qa.nurse.a 2) Navigate to /settings/staff,Blocked or redirected.,,#NAME?,,Staff created,,,,,P1-Setup,A nurse who can create logins can create an admin account for themselves.,RBAC,nurse A,None,e2e/phase-01-foundation/P1D.staff-logins.spec.ts,
TC-P1D-014,1D Staff Logins,Staff count reflects the plan limit,1) Check whether the plan caps user count 2) Attempt to exceed it if capped,Either enforced with a clear message or documented as uncapped.,,17 users,Settings - Plan,Plan set,,,,,P1-Setup,"If seats are part of your pricing, an unenforced limit is revenue you never collect.",Boundary,hospital_admin A,hospital_subscriptions,MANUAL-ONLY,
TC-P1D-015,1D Staff Logins,Roles offered match the app_role enum,1) Open the role dropdown when creating a staff member 2) List every option offered,Compare against the 16 enum values in the Mock Data Book.,,role dropdown,All,Staff screen,,,,See the Mock Data Book warning - 32 roles are used in routing but are not in the enum,P1-Setup,"Modules like Blood Bank and Dialysis name a specialist role as their user, but that role cannot be created. Confirm whether this is intended before logging it.",Negative,hospital_admin A,SELECT unnest(enum_range(NULL::app_role)),e2e/phase-01-foundation/P1D.staff-logins.spec.ts,
TC-P1D-016,1D Staff Logins,Creating a role outside the enum fails cleanly,"1) If the UI offers a role such as quality_officer, select it and save","Either it saves via a permission blob rather than the enum, or it errors. It must not fail silently leaving a user with no role.",,quality_officer,All,Staff screen,,,,Related to TC-P1D-015,P1-Setup,"A user saved with no usable role can log in and see nothing, which looks like a broken product.",Negative,hospital_admin A,users.role,MANUAL-ONLY,
TC-P1E-001,1E RBAC,hospital_admin reaches all core routes,1) Log in as +qa.admin.a 2) Visit /dashboard /patients /opd /ipd /lab /radiology /pharmacy /billing /accounts /insurance /hr /inventory /settings,All load. hospital_admin is a bypass role.,,#NAME?,All,All staff created,,,,"BYPASS_ROLES = super_admin, hospital_admin",P1-Setup,The admin is the person who configures everything. Blocking them anywhere makes the hospital unusable.,Positive,hospital_admin A,None,e2e/phase-01-foundation/P1E.rbac-route-matrix.spec.ts,
TC-P1E-002,1E RBAC,doctor reaches clinical routes,1) Log in as +qa.doctor.a 2) Visit /dashboard /opd /ipd /patients /lab /radiology /schedule,All load.,,#NAME?,Clinical,All staff created,,,,,P1-Setup,A doctor blocked from the OPD queue cannot see patients.,Positive,doctor A,None,e2e/phase-01-foundation/P1E.rbac-route-matrix.spec.ts,
TC-P1E-003,1E RBAC,doctor is blocked from /hr,1) As +qa.doctor.a navigate to /hr,Blocked or redirected. Payroll data never renders.,,#NAME?,HR,All staff created,,,,,P1-Setup,A doctor seeing every colleague's salary is a serious HR incident.,RBAC,doctor A,None,e2e/phase-01-foundation/P1E.rbac-route-matrix.spec.ts,
TC-P1E-004,1E RBAC,doctor is blocked from /accounts,1) As +qa.doctor.a navigate to /accounts,Blocked or redirected.,,#NAME?,Accounts,All staff created,,,,,P1-Setup,The hospital's P&L is not clinical information.,RBAC,doctor A,None,e2e/phase-01-foundation/P1E.rbac-route-matrix.spec.ts,
TC-P1E-005,1E RBAC,doctor is blocked from /settings,1) As +qa.doctor.a navigate to /settings,Blocked. Only /settings/profile is reachable as a core route.,,#NAME?,Settings,All staff created,,,,coreRoutes includes /settings/profile for everyone,P1-Setup,A doctor who can change consultation fees or permissions can change their own pay and access.,RBAC,doctor A,None,e2e/phase-01-foundation/P1E.rbac-route-matrix.spec.ts,
TC-P1E-006,1E RBAC,nurse reaches nursing and clinical routes,1) As +qa.nurse.a visit /dashboard /nursing /ipd /patients,All load.,,#NAME?,Clinical,All staff created,,,,,P1-Setup,Nurses are the heaviest users of the system.,Positive,nurse A,None,e2e/phase-01-foundation/P1E.rbac-route-matrix.spec.ts,
TC-P1E-007,1E RBAC,nurse is blocked from /billing /accounts /hr,1) As +qa.nurse.a try each route,All blocked.,,#NAME?,Finance HR,All staff created,,,,,P1-Setup,Clinical staff must not be able to alter bills - it removes the separation between care and money.,RBAC,nurse A,None,e2e/phase-01-foundation/P1E.rbac-route-matrix.spec.ts,
TC-P1E-008,1E RBAC,receptionist reaches front-desk routes,1) As +qa.reception.a visit /dashboard /patients /opd /schedule,All load.,,#NAME?,Patients OPD,All staff created,,,,,P1-Setup,The front desk is the entry point for every patient.,Positive,receptionist A,None,e2e/phase-01-foundation/P1E.rbac-route-matrix.spec.ts,
TC-P1E-009,1E RBAC,receptionist is blocked from /ipd /lab /pharmacy /accounts,1) As +qa.reception.a try each,All blocked.,,#NAME?,Clinical Finance,All staff created,,,,,P1-Setup,Front-desk staff have no clinical training and no reason to see ward or lab data.,RBAC,receptionist A,None,e2e/phase-01-foundation/P1E.rbac-route-matrix.spec.ts,
TC-P1E-010,1E RBAC,pharmacist reaches /pharmacy,1) As +qa.pharmacist.a visit /pharmacy,Loads with both IP and retail modes.,,#NAME?,Pharmacy,All staff created,,,,,P1-Setup,Pharmacy is the pharmacist's only workplace in the app.,Positive,pharmacist A,None,e2e/phase-01-foundation/P1E.rbac-route-matrix.spec.ts,
TC-P1E-011,1E RBAC,pharmacist is blocked from /ipd /billing /hr,1) As +qa.pharmacist.a try each,All blocked.,,#NAME?,IPD Finance,All staff created,,,,,P1-Setup,A pharmacist who can edit bills can adjust the price of what they dispensed.,RBAC,pharmacist A,None,e2e/phase-01-foundation/P1E.rbac-route-matrix.spec.ts,
TC-P1E-012,1E RBAC,lab_technician reaches /lab,1) As +qa.labtech.a visit /lab,Loads.,,#NAME?,Lab,All staff created,,,,,P1-Setup,Lab staff need the lab.,Positive,lab_technician A,None,e2e/phase-01-foundation/P1E.rbac-route-matrix.spec.ts,
TC-P1E-013,1E RBAC,lab_tech role also reaches /lab,1) As +qa.labtech2.a (role lab_tech) visit /lab,Loads. Both lab_tech and lab_technician are permitted.,,#NAME?,Lab,All staff created,,,,Two enum values exist for the same job - worth confirming this is deliberate,P1-Setup,"Two roles meaning the same thing is a maintenance trap - if one is missed in a permission update, half your lab staff lose access.",Positive,lab_tech A,None,e2e/phase-01-foundation/P1E.rbac-route-matrix.spec.ts,
TC-P1E-014,1E RBAC,lab_technician is blocked from /radiology /billing,1) As +qa.labtech.a try each,Blocked.,,#NAME?,Radiology Finance,All staff created,,,,,P1-Setup,Lab and radiology are separate departments with separate staff.,RBAC,lab_technician A,None,e2e/phase-01-foundation/P1E.rbac-route-matrix.spec.ts,
TC-P1E-015,1E RBAC,radiologist reaches /radiology,1) As +qa.radiologist.a visit /radiology,Loads.,,#NAME?,Radiology,All staff created,,,,,P1-Setup,Reporting is the radiologist's entire job.,Positive,radiologist A,None,e2e/phase-01-foundation/P1E.rbac-route-matrix.spec.ts,
TC-P1E-016,1E RBAC,radiologist is blocked from /lab /pharmacy /hr,1) As +qa.radiologist.a try each,Blocked.,,#NAME?,Lab Pharmacy HR,All staff created,,,,,P1-Setup,Least privilege - access only to what the job needs.,RBAC,radiologist A,None,e2e/phase-01-foundation/P1E.rbac-route-matrix.spec.ts,
TC-P1E-017,1E RBAC,billing_executive reaches finance routes,1) As +qa.billing.a visit /billing /billing/closure /payments /insurance /accounts,All load.,,#NAME?,Finance,All staff created,,,,,P1-Setup,Billing staff need the full revenue cycle.,Positive,billing_executive A,None,e2e/phase-01-foundation/P1E.rbac-route-matrix.spec.ts,
TC-P1E-018,1E RBAC,billing_executive is blocked from /hr and /settings,1) As +qa.billing.a try each,Blocked.,,#NAME?,HR Settings,All staff created,,,,,P1-Setup,Billing staff changing service rates could alter prices to benefit themselves.,RBAC,billing_executive A,None,e2e/phase-01-foundation/P1E.rbac-route-matrix.spec.ts,
TC-P1E-019,1E RBAC,billing_staff has narrower access than billing_executive,1) As +qa.billing2.a visit /billing then /billing/closure,Billing loads. Day closure is NOT in the billing_staff route list - it must be blocked.,,#NAME?,Finance,All staff created,,,,ROUTE_ROLES['/billing/closure'] excludes billing_staff,P1-Setup,Day closure locks the cash books. Only a senior person should be able to close a day.,RBAC,billing_staff A,None,e2e/phase-01-foundation/P1E.rbac-route-matrix.spec.ts,
TC-P1E-020,1E RBAC,accountant reaches /accounts,1) As +qa.accountant.a visit /accounts /accounts/chart-of-accounts /accounts/journal-workbench,All load.,,#NAME?,Accounts,All staff created,,,,,P1-Setup,The accountant needs the ledger.,Positive,accountant A,None,e2e/phase-01-foundation/P1E.rbac-route-matrix.spec.ts,
TC-P1E-021,1E RBAC,accountant is blocked from clinical routes,1) As +qa.accountant.a try /opd /ipd /patients /lab,All blocked.,,#NAME?,Clinical,All staff created,,,,,P1-Setup,Finance staff have no clinical need and no consent basis to view patient records.,RBAC,accountant A,None,e2e/phase-01-foundation/P1E.rbac-route-matrix.spec.ts,
TC-P1E-022,1E RBAC,cfo reaches financial reporting,1) As +qa.cfo.a visit /accounts/financial-statements /accounts/budget /accounts/fixed-assets /analytics/revenue-intelligence,All load.,,#NAME?,Accounts Analytics,All staff created,,,,,P1-Setup,The CFO's whole job is these four screens.,Positive,cfo A,None,e2e/phase-01-foundation/P1E.rbac-route-matrix.spec.ts,
TC-P1E-023,1E RBAC,cfo is blocked from clinical routes,1) As +qa.cfo.a try /opd /ipd /patients,Blocked.,,#NAME?,Clinical,All staff created,,,,,P1-Setup,Seniority is not a clinical need. DPDP purpose limitation applies to the CFO too.,RBAC,cfo A,None,e2e/phase-01-foundation/P1E.rbac-route-matrix.spec.ts,
TC-P1E-024,1E RBAC,hr_manager reaches /hr only,1) As +qa.hr.a visit /hr 2) Then try /opd /billing /accounts,HR loads. The others are blocked.,,#NAME?,HR,All staff created,,,,,P1-Setup,"HR needs staff data, not patient or financial data.",RBAC,hr_manager A,None,e2e/phase-01-foundation/P1E.rbac-route-matrix.spec.ts,
TC-P1E-025,1E RBAC,insurance_executive reaches /insurance,1) As +qa.insurance.a visit /insurance 2) Then try /hr /accounts,Insurance loads. The others are blocked.,,#NAME?,Insurance,All staff created,,,,,P1-Setup,"Insurance desk staff work claims, nothing else.",RBAC,insurance_executive A,None,e2e/phase-01-foundation/P1E.rbac-route-matrix.spec.ts,
TC-P1E-026,1E RBAC,mrd_officer reaches /mrd,1) As +qa.mrd.a visit /mrd 2) Then try /billing /hr,MRD loads. The others are blocked.,,#NAME?,MRD,All staff created,,,,,P1-Setup,MRD sees every record by definition - so everything else must be closed to them.,RBAC,mrd_officer A,None,e2e/phase-01-foundation/P1E.rbac-route-matrix.spec.ts,
TC-P1E-027,1E RBAC,Everyone reaches the core routes,1) As each of the 16 roles visit /dashboard /modules /settings/profile /inbox /my-hr,All load for every role.,,All 16 logins,All,All staff created,,,,coreRoutes are open to every authenticated user,P1-Setup,Every employee needs their own profile and payslips regardless of role.,Positive,all 16,None,e2e/phase-01-foundation/P1E.rbac-route-matrix.spec.ts,
TC-P1E-028,1E RBAC,Non-super-admin is blocked from /platform,1) As +qa.admin.a (hospital_admin) navigate to /platform,Blocked. Platform is your SaaS console not the hospital's.,,#NAME?,Platform,All staff created,,,,,P1-Setup,A hospital admin reaching the platform console could change their own plan or see other hospitals.,RBAC,hospital_admin A,None,e2e/phase-01-foundation/P1E.rbac-route-matrix.spec.ts,
TC-P1E-029,1E RBAC,Every role is blocked from /platform,1) Try /platform as all 16 non-super-admin roles,All blocked.,,All 16 logins,Platform,All staff created,,,,,P1-Setup,"One role slipping through exposes every hospital on the system, not just this one.",RBAC,all 16,None,e2e/phase-01-foundation/P1E.rbac-route-matrix.spec.ts,
TC-P1E-030,1E RBAC,super_admin reaches /platform,1) Log in as +qa.superadmin 2) Visit /platform and its sub-routes,All load.,,#NAME?,Platform,Super admin exists,,,,,P1-Setup,You need the console to run the business.,Positive,super_admin,None,e2e/phase-01-foundation/P1E.rbac-route-matrix.spec.ts,
TC-P1E-031,1E RBAC,Blocked route does not flash data before redirecting,1) As +qa.nurse.a navigate to /accounts 2) Watch closely and check the network tab,No financial data renders even briefly and no data request is made.,,#NAME?,Accounts,All staff created,,,,A client-only redirect that still fetches is a real leak,P1-Setup,A screen that renders then redirects has already sent the data to the browser - it is a leak even if the user only sees it for a moment.,Negative,nurse A,None,e2e/phase-01-foundation/P1E.rbac-route-matrix.spec.ts,
TC-P1E-032,1E RBAC,Role change takes effect on next login,1) Change +qa.nurse.a from nurse to billing_executive 2) Have them log out and back in 3) Try /billing,Billing now accessible; nursing routes now blocked.,,#NAME?,All,All staff created,,,,Change it back afterwards,P1-Setup,Permissions that do not update leave a transferred employee with their old access indefinitely.,Positive,hospital_admin A,users.role,e2e/phase-01-foundation/P1E.rbac-route-matrix.spec.ts,
TC-P1E-033,1E RBAC,Custom permission blob overrides the static role,1) Settings > Roles 2) Grant nurse view access to billing 3) As the nurse open /billing,"Access granted. When a permissions row exists it is used INSTEAD of the static role list, not in addition.",,nurse + billing view,Billing,Roles screen,,,,hasAccess uses ONLY permissions when a row exists - no static fallthrough,P1-Setup,"Hospitals genuinely need custom roles. But because the blob replaces rather than extends the defaults, a partially-filled blob silently removes access the role used to have.",Positive,hospital_admin A,role_permissions,e2e/phase-01-foundation/P1E.rbac-route-matrix.spec.ts,
TC-P1E-034,1E RBAC,Empty permission blob denies everything,1) Set a role's permissions to an empty object 2) Log in as that role 3) Try any module route,All module routes denied. Only core routes remain.,,empty permissions,All,Roles screen,,,,Deliberate - a role with zero permissions is denied not defaulted,P1-Setup,"If an empty permission set fell back to defaults, revoking someone's access would silently do nothing.",Negative,nurse A,role_permissions,e2e/phase-01-foundation/P1E.rbac-route-matrix.spec.ts,
TC-P1E-035,1E RBAC,Revoking a permission removes access,1) Remove billing view from the modified nurse role 2) Log in again 3) Try /billing,Blocked again.,,nurse minus billing,Billing,Roles screen,,,,,P1-Setup,Granting access is easy. Revoking it is what matters when someone changes job or leaves.,Negative,nurse A,role_permissions,e2e/phase-01-foundation/P1E.rbac-route-matrix.spec.ts,
TC-P1E-036,1E RBAC,Per-user override withholds from one person,1) Apply a user_permission_overrides withhold to one doctor 2) Log in as them 3) Compare with the other doctor,Only the overridden user loses that access.,,#NAME?,All,Roles screen,,,,,P1-Setup,Sometimes one individual needs restricting without changing the whole role - e.g. a doctor under investigation.,Positive,doctor A,user_permission_overrides,e2e/phase-01-foundation/P1E.rbac-route-matrix.spec.ts,
TC-P1E-037,1E RBAC,URL with a query string resolves the same,1) As +qa.nurse.a try /accounts?tab=journals,Blocked identically to /accounts.,,#NAME?,Accounts,All staff created,,,,Path is normalised by splitting on ?,P1-Setup,Appending a query string is the most obvious way to try to slip past a naive path check.,Negative,nurse A,None,e2e/phase-01-foundation/P1E.rbac-route-matrix.spec.ts,
TC-P1E-038,1E RBAC,Trailing slash resolves the same,1) As +qa.nurse.a try /accounts/,Blocked identically.,,#NAME?,Accounts,All staff created,,,,,P1-Setup,Same reasoning - path normalisation must be complete or it is not a control.,Negative,nurse A,None,e2e/phase-01-foundation/P1E.rbac-route-matrix.spec.ts,
TC-P1E-039,1E RBAC,Unknown route shows 404 not a crash,1) Visit /this-route-does-not-exist,Clean NotFound page. No stack trace or blank screen.,,None,,None,,,,,P1-Setup,A stack trace on screen tells an attacker what framework and structure you use.,Negative,doctor A,None,e2e/phase-01-foundation/P1E.rbac-route-matrix.spec.ts,
TC-P1E-040,1E RBAC,Sidebar hides routes the role cannot open,1) As each role inspect the sidebar,Only permitted modules appear. No visible link leads to a blocked page.,,All 16 logins,All,All staff created,,,,,P1-Setup,Showing a link that then denies access makes the product feel broken and generates support calls.,Positive,all 16,None,e2e/phase-01-foundation/P1E.rbac-route-matrix.spec.ts,
TC-P1E-041,1E RBAC,/modules grid matches actual access,1) As +qa.nurse.a open /modules 2) Click every tile shown,Every tile shown actually opens.,,#NAME?,All,All staff created,,,,,P1-Setup,The modules grid is how a new user explores the product. Dead tiles destroy confidence immediately.,Positive,nurse A,None,e2e/phase-01-foundation/P1E.rbac-route-matrix.spec.ts,
TC-P1E-042,1E RBAC,Quality routes with non-enum roles,"1) Check whether quality_officer or quality_manager can be assigned 2) If not, verify who can open /quality /nabh/compliance /ipc/dashboard",Document who can actually reach these. ROUTE_ROLES names roles that are not in the app_role enum.,,quality routes,Quality,All staff created,,,,Directly related to TC-P1D-015,P1-Setup,The Quality module names quality_officer as its user but that role cannot exist. Either the enum is missing values or the routing is wrong - both are real defects.,Negative,hospital_admin A,enum_range(NULL::app_role),e2e/phase-01-foundation/P1E.rbac-route-matrix.spec.ts,
TC-P1E-043,1E RBAC,Blood Bank / CSSD / Dialysis role reachability,"1) Confirm blood_bank_technician, cssd_technician and dialysis_technician cannot be assigned 2) Determine who can actually open /blood-bank /cssd /dialysis",Document the effective access.,,specialty routes,Specialty modules,All staff created,,,,,P1-Setup,These modules list a specialist as the intended user but only admins can reach them - meaning the actual technician cannot do their job.,Negative,hospital_admin A,enum_range(NULL::app_role),e2e/phase-01-foundation/P1E.rbac-route-matrix.spec.ts,
TC-P1E-044,1E RBAC,Direct navigation matches sidebar visibility,1) For 5 roles compare what the sidebar shows against what direct URL entry allows,The two agree exactly in both directions.,,5 roles,All,All staff created,,,,,P1-Setup,"A route hidden in the nav but reachable by URL is security by obscurity, which is no security.",Negative,5 roles,None,e2e/phase-01-foundation/P1E.rbac-route-matrix.spec.ts,
TC-P1E-045,1E RBAC,Browser Back after a block does not grant access,1) As nurse open /nursing 2) Try /accounts (blocked) 3) Press Back twice,Never lands on an accessible /accounts.,,#NAME?,Accounts,All staff created,,,,,P1-Setup,History navigation is a classic way client-side guards get bypassed.,Negative,nurse A,None,e2e/phase-01-foundation/P1E.rbac-route-matrix.spec.ts,
TC-P1F-001,1F Tab/Action Gates,Receptionist cannot see Complete & Bill,1) As +qa.reception.a open an OPD consultation 2) Look for the Complete & Bill action,The action is not rendered.,,#NAME?,OPD Billing,Roles configured,,,,"hasActionAccess('opd','complete_bill')",P1-Setup,Only a doctor should be able to declare a consultation complete - it closes the clinical record and triggers billing.,RBAC,receptionist A,role_permissions,e2e/phase-01-foundation/P1F.action-gates.spec.ts,
TC-P1F-002,1F Tab/Action Gates,Receptionist cannot see Admit Patient,1) As +qa.reception.a open a consultation 2) Look for the Admit action,Not rendered.,,#NAME?,OPD IPD,Roles configured,,,,"hasActionAccess('opd','admit_patient')",P1-Setup,Admission is a clinical decision with major financial consequences for the patient.,RBAC,receptionist A,role_permissions,e2e/phase-01-foundation/P1F.action-gates.spec.ts,
TC-P1F-003,1F Tab/Action Gates,Doctor CAN see Complete & Bill and Admit,1) As +qa.doctor.a open a consultation,Both actions are rendered.,,#NAME?,OPD IPD Billing,Roles configured,,,,,P1-Setup,The counterpart to the two cases above - the gate must permit as reliably as it denies.,Positive,doctor A,role_permissions,e2e/phase-01-foundation/P1F.action-gates.spec.ts,
TC-P1F-004,1F Tab/Action Gates,Nurse cannot approve a discount,1) As +qa.nurse.a open the discount approvals inbox if reachable,Either not reachable or the Approve action is absent.,,#NAME?,Billing,Discount rules set,,,,,P1-Setup,Discount approval is a financial authority. Anyone able to approve can give money away.,RBAC,nurse A,role_permissions,e2e/phase-01-foundation/P1F.action-gates.spec.ts,
TC-P1F-005,1F Tab/Action Gates,Tabs within a module are individually gated,1) As +qa.reception.a open OPD 2) List the visible tabs 3) Repeat as +qa.doctor.a,The two see different tab sets appropriate to their role.,,reception vs doctor,OPD,Roles configured,,,,hasTabAccess from src/lib/tabPermissions.ts,P1-Setup,A receptionist seeing the clinical examination tab can read and alter medical findings.,RBAC,receptionist vs doctor A,role_permissions,e2e/phase-01-foundation/P1F.action-gates.spec.ts,
TC-P1F-006,1F Tab/Action Gates,Platform entitlement floor overrides even super_admin,1) Identify an action gated by the platform entitlement floor 2) Attempt it as super_admin,Still withheld. The floor cannot be overridden locally.,,#NAME?,All,Platform config,,,,tabPermissions.ts lines ~557-666,P1-Setup,"This is how you enforce plan limits. If a super admin could bypass it, entitlements would be unenforceable.",Negative,super_admin,hospital_module_entitlements,e2e/phase-01-foundation/P1F.action-gates.spec.ts,
TC-P1F-007,1F Tab/Action Gates,Hidden action cannot be triggered by other means,"1) As +qa.reception.a with Complete & Bill hidden, attempt the same operation via keyboard shortcut or a crafted request",Rejected server-side as well as hidden in the UI.,,#NAME?,OPD Billing,Roles configured,,,,Hiding a button is not access control unless the server also refuses,P1-Setup,A button hidden only in the UI is not a permission - anyone who opens DevTools can still call the underlying operation.,Negative,receptionist A,opd_encounters; bills - no row created,e2e/phase-01-foundation/P1F.action-gates.spec.ts,
TC-P1F-008,1F Tab/Action Gates,Export actions are gated,1) As several roles look for export or download actions on patient and financial lists,Only permitted roles see them.,,several roles,All,Roles configured,,,,,P1-Setup,Bulk export is how data leaves an organisation. It needs tighter control than viewing.,RBAC,several,role_permissions,MANUAL-ONLY,
TC-P1F-009,1F Tab/Action Gates,Delete actions are gated,1) As non-admin roles look for delete actions on master data,Not available to non-admin roles.,,non-admin roles,Settings,Roles configured,,,,,P1-Setup,Deleted master data breaks every historical record that referenced it.,RBAC,several,role_permissions,MANUAL-ONLY,
TC-P1F-010,1F Tab/Action Gates,Granular view/create/edit/delete permissions work,1) Grant a role view-only on a module 2) Confirm it can read but not create or edit,Read works; write actions are absent.,,view-only role,All,Roles screen,,,,,P1-Setup,"Many roles legitimately need to see without changing - an auditor, a trainee, a referring doctor.",Positive,custom role,role_permissions,e2e/phase-01-foundation/P1F.action-gates.spec.ts,
TC-P1F-011,1F Tab/Action Gates,Legacy string permission format still resolves,1) If any role has a legacy 'r' or 'rw' string permission verify it resolves,'r' grants view; 'rw' grants view/create/edit/delete.,,legacy blob,All,Roles screen,,,,Backward compatibility path in hasPermission,P1-Setup,"Older hospitals will have legacy permission blobs. If they stop resolving, existing customers lose access overnight.",Positive,custom role,role_permissions,e2e/phase-01-foundation/P1F.action-gates.spec.ts,
TC-P1F-012,1F Tab/Action Gates,Legacy module parent fallback works,1) Check a specialty module such as /dialysis with a blob that only names its legacy parent,Resolves via LEGACY_MODULE_PARENT.,,legacy blob,Specialty,Roles screen,,,,,P1-Setup,Specialty modules used to inherit a parent bucket. Breaking the fallback silently removes access for every existing customer.,Positive,custom role,role_permissions,MANUAL-ONLY,
TC-P1G-001,1G Plan Gating,Professional plan opens its modules,1) As Hospital A (Professional) open the modules included in that plan,All load.,,Hospital A,All,Plan set,,,,,P1-Setup,The customer must get what they paid for.,Positive,hospital_admin A,hospital_module_entitlements,e2e/phase-01-foundation/P1G.plan-gating.spec.ts,
TC-P1G-002,1G Plan Gating,Starter plan blocks higher-tier modules,1) As Hospital B (Starter) try to open a Professional-only module,Blocked by ModuleGate with an upgrade message rather than a raw error.,,Hospital B,All,Plan set,,,,,P1-Setup,"If the plan is not enforced, nobody has any reason to upgrade.",Negative,hospital_admin B,hospital_module_entitlements,e2e/phase-01-foundation/P1G.plan-gating.spec.ts,
TC-P1G-003,1G Plan Gating,Plan gate applies to direct URL entry,1) As Hospital B paste a blocked module URL directly,Blocked identically to clicking.,,Hospital B,All,Plan set,,,,ModuleGate wraps the AppShell Outlet so every route is enforced,P1-Setup,A gate that only works from the menu is not a gate.,Negative,hospital_admin B,None,e2e/phase-01-foundation/P1G.plan-gating.spec.ts,
TC-P1G-004,1G Plan Gating,Upgrading a plan unlocks modules immediately,1) As super admin upgrade Hospital B to Professional 2) Refresh Hospital B's session 3) Open a previously blocked module,Now accessible.,,Hospital B upgrade,All,Platform access,,,,Realtime channel listens on hospital_module_entitlements,P1-Setup,A customer who pays for an upgrade and cannot use it for a day will ask for a refund.,Positive,super_admin then hospital_admin B,hospital_subscriptions,e2e/phase-01-foundation/P1G.plan-gating.spec.ts,
TC-P1G-005,1G Plan Gating,Downgrading a plan re-blocks modules,1) Downgrade Hospital B back to Starter 2) Refresh 3) Try the module again,Blocked again. Existing data is preserved not deleted.,,Hospital B downgrade,All,Platform access,,,,Data must survive a downgrade,P1-Setup,A downgrade that deletes data makes downgrading catastrophic and traps customers - or loses them permanently.,Negative,super_admin then hospital_admin B,hospital_subscriptions,e2e/phase-01-foundation/P1G.plan-gating.spec.ts,
TC-P1G-006,1G Plan Gating,Addon withhold hides a single AI feature,1) Withhold one AI feature key from Hospital A 2) Open the screen that uses it,That AI action is not rendered. Others still are.,,one AI feature key,AI Suite,Plan + AI settings,,,,AI features are actions of the pseudo-module ai_suite,P1-Setup,"AI features are priced individually. Withholding must be surgical, not all-or-nothing.",Negative,hospital_admin A,hospital_feature_overrides,e2e/phase-01-foundation/P1G.plan-gating.spec.ts,
TC-P1G-007,1G Plan Gating,AI master toggle hides all AI features,1) Turn off the AI Features master toggle 2) Check several AI-bearing screens,All AI actions hidden.,,AI master off,AI Suite,AI settings,,,,,P1-Setup,Some hospitals will not permit AI on clinical records at all. One switch must satisfy that.,Negative,hospital_admin A,hospitals AI flags,e2e/phase-01-foundation/P1G.plan-gating.spec.ts,
TC-P1G-008,1G Plan Gating,Expired subscription applies a write lock,1) Set Hospital B's subscription to expired 2) Try to create any record,Reads still work; writes are blocked with a clear renewal message.,,Hospital B expired,All,Platform access,,,,src/lib/subscriptionLock.ts,P1-Setup,Non-payment must stop new work without destroying access to existing records - a hospital still needs to read its own patient history.,Negative,hospital_admin B,hospital_subscriptions,e2e/phase-01-foundation/P1G.plan-gating.spec.ts,
TC-P1G-009,1G Plan Gating,Expired subscription still allows reads,1) With Hospital B expired open a patient record,Record is readable.,,Hospital B expired,All,Platform access,,,,,P1-Setup,Blocking read access to medical records over a billing dispute would be a patient-safety issue and probably unlawful.,Positive,hospital_admin B,None,e2e/phase-01-foundation/P1G.plan-gating.spec.ts,
TC-P1G-010,1G Plan Gating,Trial expiry behaves like expiry,1) Set Hospital B's trial to expired 2) Attempt a write,Same write lock as a paid expiry.,,Hospital B trial expired,All,Platform access,,,,,P1-Setup,An unlimited trial is a free product.,Negative,hospital_admin B,hospital_subscriptions,MANUAL-ONLY,
TC-P1G-011,1G Plan Gating,Blocked module shows an upgrade path not an error,1) Trigger any plan block 2) Read the message,Clear explanation and a route to upgrade. Not a stack trace or blank page.,,Hospital B,All,Plan set,,,,,P1-Setup,A gate is also a sales opportunity. A raw error is just a bad experience.,Positive,hospital_admin B,None,MANUAL-ONLY,
TC-P1G-012,1G Plan Gating,Entitlement fail-open is logged,1) If entitlement resolution fails check entitlement_fail_open_events,Any fail-open is recorded for review.,,None,All,Plan set,,,,Fail-open is safer than locking a hospital out but must be visible,P1-Setup,"Failing open keeps hospitals working during an outage, but an unlogged fail-open means customers silently get free features forever.",Negative,hospital_admin A,entitlement_fail_open_events,MANUAL-ONLY,
TC-P1H-001,1H Tenant Isolation,Hospital A cannot list Hospital B patients,1) As +qa.doctor.a open /patients 2) Search for PT-QA-0030 and 'Rohan Kulkarni',No result. Hospital B's patient is invisible.,,PT-QA-0030,Patients,Both hospitals seeded,,,,,P1-Setup,One hospital seeing another's patients is a reportable data breach that ends the company.,Negative,doctor A,patients WHERE hospital_id = B,e2e/phase-01-foundation/P1H.tenant-isolation.spec.ts,
TC-P1H-002,1H Tenant Isolation,Hospital A cannot open a Hospital B patient by UUID,1) Get PT-QA-0030's UUID from the DB 2) As +qa.doctor.a paste /patients/<uuid>/summary,Blocked or not found. NOTE: no PHI must render even briefly.,,PT-QA-0030 UUID,Patients,Both hospitals seeded,,,,The classic IDOR test,P1-Setup,Guessing or leaking a record ID is the most common way multi-tenant systems leak data.,Negative,doctor A,None,e2e/phase-01-foundation/P1H.tenant-isolation.spec.ts,
TC-P1H-003,1H Tenant Isolation,Direct API query returns no cross-tenant rows,1) In the browser console as +qa.doctor.a run a supabase select on patients with no filter 2) Inspect the rows,Only Hospital A rows return. RLS enforces this at the database.,,None,All,Both hospitals seeded,,,,"This is the real test - the UI filter is not the control, RLS is",P1-Setup,"Anyone can open DevTools and query directly. If RLS is not the boundary, the UI filter is decoration.",Negative,doctor A,patients,e2e/phase-01-foundation/P1H.tenant-isolation.spec.ts,
TC-P1H-004,1H Tenant Isolation,Cross-tenant isolation on bills,1) As +qa.billing.a query bills directly with no filter,Only Hospital A bills.,,None,Billing,Both hospitals seeded,,,,,P1-Setup,Another hospital's revenue figures are commercially sensitive as well as confidential.,Negative,billing_executive A,bills,e2e/phase-01-foundation/P1H.tenant-isolation.spec.ts,
TC-P1H-005,1H Tenant Isolation,Cross-tenant isolation on insurance_claims,1) As +qa.insurance.a query insurance_claims directly,Only Hospital A rows. NOTE: this query has NO hospital_id filter in the code and relies entirely on RLS.,,None,Insurance,Both hospitals seeded,,,,ClaimsStatus.tsx line 128 - highest-risk query in the app,P1-Setup,"This is one of two places found that fetch without a hospital filter. If RLS is ever misconfigured, this leaks first.",Negative,insurance_executive A,insurance_claims,e2e/phase-01-foundation/P1H.tenant-isolation.spec.ts,
TC-P1H-006,1H Tenant Isolation,Cross-tenant isolation on denial_logs,1) As +qa.insurance.a query denial_logs directly,Only Hospital A rows.,,None,Insurance,Both hospitals seeded,,,,ClaimsStatus.tsx line 170 - same risk as above,P1-Setup,Second of the two unfiltered queries. Same exposure.,Negative,insurance_executive A,denial_logs,e2e/phase-01-foundation/P1H.tenant-isolation.spec.ts,
TC-P1H-007,1H Tenant Isolation,Cross-tenant isolation on admissions and beds,1) As +qa.doctor.a query admissions and beds directly,Only Hospital A rows.,,None,IPD,Both hospitals seeded,,,,,P1-Setup,Bed occupancy is operationally sensitive and the admissions table carries diagnoses.,Negative,doctor A,admissions; beds,e2e/phase-01-foundation/P1H.tenant-isolation.spec.ts,
TC-P1H-008,1H Tenant Isolation,Cross-tenant isolation on prescriptions and lab_orders,1) As +qa.doctor.a query prescriptions and lab_orders directly,Only Hospital A rows.,,None,OPD Lab,Both hospitals seeded,,,,,P1-Setup,Prescriptions and results are the most sensitive category of health data.,Negative,doctor A,prescriptions; lab_orders,e2e/phase-01-foundation/P1H.tenant-isolation.spec.ts,
TC-P1H-009,1H Tenant Isolation,Cross-tenant isolation on users and staff,1) As +qa.admin.a query users directly,Only Hospital A staff.,,None,HR Settings,Both hospitals seeded,,,,,P1-Setup,Staff names and emails of another hospital are both a privacy issue and a competitive one.,Negative,hospital_admin A,users,e2e/phase-01-foundation/P1H.tenant-isolation.spec.ts,
TC-P1H-010,1H Tenant Isolation,Cross-tenant write is rejected,1) As +qa.doctor.a attempt to insert a row with Hospital B's hospital_id,Rejected by RLS.,,Hospital B hospital_id,All,Both hospitals seeded,,,,,P1-Setup,Reading another tenant's data is bad. Writing into it is worse - it corrupts their records.,Negative,doctor A,any table - no row created,e2e/phase-01-foundation/P1H.tenant-isolation.spec.ts,
TC-P1H-011,1H Tenant Isolation,Cross-tenant update is rejected,1) As +qa.doctor.a attempt to update a Hospital B patient row by UUID,Rejected. Row unchanged.,,PT-QA-0030 UUID,Patients,Both hospitals seeded,,,,,P1-Setup,An attacker who cannot read but can write can still destroy another hospital's records.,Negative,doctor A,patients - row unchanged,e2e/phase-01-foundation/P1H.tenant-isolation.spec.ts,
TC-P1H-012,1H Tenant Isolation,Stale session context after a hospital move,1) Note the hms_ctx_* sessionStorage key as +qa.doctor.a 2) As super admin move that user to Hospital B 3) WITHOUT logging out refresh the page 4) Observe which hospital's data shows,"Must resolve to Hospital B or force a re-auth. NOTE: the cache is only cleared on sign-out, so this may show stale Hospital A data - if so, log P1.",,#NAME?,All,Both hospitals seeded,,,,HospitalContext caches in sessionStorage and revalidates in the background,P1-Setup,A user moved between hospitals who keeps the old tenant is actively looking at the wrong hospital's patients.,Negative,doctor A,users.hospital_id,e2e/phase-01-foundation/P1H.tenant-isolation.spec.ts,
TC-P1H-013,1H Tenant Isolation,Service role key is not in the client bundle,1) Build the app 2) Search dist/ for the service role key and for 'service_role',Not present anywhere in the client bundle.,,None,All,Build produced,,,,npm run build then grep dist/,P1-Setup,"The service role key bypasses all RLS. If it ships to the browser, every tenant boundary in the product is gone.",Negative,None,None,e2e/phase-01-foundation/P1H.tenant-isolation.spec.ts,
TC-P1H-014,1H Tenant Isolation,No PHI in console output,1) Log in and walk OPD IPD and Billing with the console open 2) Review every logged line,No patient name UHID phone or diagnosis appears in any console message.,,PT-QA-0001,All,Both hospitals seeded,,,,DPDP requirement - PHI must not appear in logs,P1-Setup,"Console logs get captured by browser extensions, error trackers and screen shares. PHI there is a breach.",Negative,doctor A,None,MANUAL-ONLY,
TC-P1H-015,1H Tenant Isolation,Error messages do not leak PHI,"1) Deliberately trigger errors (bad ID, blocked action) 2) Read every message",Messages are generic. No patient identifiers or SQL fragments.,,None,All,Both hospitals seeded,,,,,P1-Setup,Error messages are shown to users and logged to third-party services. Both are places PHI must never reach.,Negative,doctor A,None,MANUAL-ONLY,
TC-P1H-016,1H Tenant Isolation,Bill number sequences are per-hospital,1) Create a bill in Hospital A and one in Hospital B 2) Compare the numbers,Independent sequences. Neither continues the other's numbering.,,both hospitals,Billing,Both hospitals seeded,,,,bill_sequences is keyed per hospital,P1-Setup,Shared invoice numbering between two hospitals means duplicate invoice numbers under different GSTINs - a tax compliance failure.,Negative,billing_executive both,bill_sequences,e2e/phase-01-foundation/P1H.tenant-isolation.spec.ts,
TC-P1I-001,1I Go Live,Go-live checklist page loads,1) As +qa.admin.a open /admin/go-live,Loads with the checklist.,,None,All,Onboarding complete,,,,,P1-Setup,This is the hospital's own readiness gate before they start using the system for real patients.,Positive,hospital_admin A,None,e2e/phase-01-foundation/P1I.go-live.spec.ts,
TC-P1I-002,1I Go Live,Checklist reflects actual configuration state,1) With departments and wards configured but no drugs 2) Review the checklist,Completed items show complete; the drug item shows incomplete.,,partial config,All,Partial onboarding,,,,,P1-Setup,A checklist that does not check anything is theatre. It must read the real state.,Positive,hospital_admin A,various master tables,e2e/phase-01-foundation/P1I.go-live.spec.ts,
TC-P1I-003,1I Go Live,Checklist items link to the right settings screen,1) Click an incomplete item,Navigates to the screen that fixes it.,,None,Settings,Onboarding complete,,,,,P1-Setup,Telling someone what is missing without showing them where to fix it just creates a support call.,Positive,hospital_admin A,None,MANUAL-ONLY,
TC-P1I-004,1I Go Live,Non-admin cannot open go-live,1) As +qa.doctor.a navigate to /admin/go-live,Blocked.,,#NAME?,,Onboarding complete,,,,,P1-Setup,Declaring a hospital live is an administrative decision.,RBAC,doctor A,None,e2e/phase-01-foundation/P1I.go-live.spec.ts,
TC-P1I-005,1I Go Live,Critical prerequisites are flagged,1) Remove rate_per_day from a ward 2) Remove all consultation fees 3) Review the checklist,"These should be flagged. NOTE: if the checklist passes without them, log P1 - these are the two silent Rs 500 fallbacks.",,ward without rate; no fees,IPD Billing OPD,Onboarding complete,,,,The two most damaging silent failures in the product,P1-Setup,A hospital going live without consultation fees or room rates will under-bill every single patient and not know for months.,Negative,hospital_admin A,wards.rate_per_day; service_master,e2e/phase-01-foundation/P1I.go-live.spec.ts,
TC-P1I-006,1I Go Live,Data migration page loads,1) As +qa.admin.a open /admin/data-migration,Loads.,,None,All,Onboarding complete,,,,,P1-Setup,Every hospital switching from another system needs to bring its patient list with it. This is often the deal-breaker.,Positive,hospital_admin A,None,MANUAL-ONLY,
